excel_row,sample_id,question_id,memory_id,r3a_triggered,r0_label,r3a_label,auto_reject_reason,candidate_type,auto_failure_source,human_has_retrieved_counterevidence,human_premise_extraction_correct,human_slot_mapping_correct,human_refutes_premise,human_should_trigger,human_auto_reject_reasonable,human_failure_source,modified_original_human_fields,final_diff_fields,confirmed_missed_true_counterevidence,confirmed_missed_should_trigger,question,candidate_memory,human_note
4,29,1:12:2,1,False,omission,omission,slot_mismatch,slot_value_near_miss,no_counterevidence_in_raw_memories,没有,正确,正确,不是反证但有用,不该触发,合理,,否,无,False,False,"Did Martin's movie preference shift from fictional narratives to documentaries after a relaxing week on Jan 19, 2027?","User likes documentaries because they are informative and provide real‑world insights that complement his thirst for knowledge; he avoids horror films as they can be disturbing and undermine the positive mindset he strives to maintain; he also dislikes slasher films due to excessive violence, preferring movies with meaningful narratives.",人工标注与严格复核一致。
5,29,1:12:2,2,False,omission,omission,slot_mismatch,slot_value_near_miss,no_counterevidence_in_raw_memories,没有,正确,正确,不是反证,不该触发,合理,,否,无,False,False,"Did Martin's movie preference shift from fictional narratives to documentaries after a relaxing week on Jan 19, 2027?","User’s parents are both alive, have no spouse or partner, and have no children; his father, born August 2, 1963, is a retired doctor who inspired Martin’s interest in health, while his mother, also born August 2, 1963, is a nurse passionate about community health, and the family’s medical background deeply influences Martin’s passion for promoting well‑being.",人工标注与严格复核一致。
6,29,1:12:2,3,False,omission,omission,slot_mismatch,slot_value_near_miss,no_counterevidence_in_raw_memories,没有,正确,正确,不是反证,不该触发,合理,,否,无,False,False,"Did Martin's movie preference shift from fictional narratives to documentaries after a relaxing week on Jan 19, 2027?","User's name is Martin Mark, male, born on August 2, 1996, currently 29 years old, and resides in Columbus.",人工标注与严格复核一致。
7,40,1:15:3,1,False,omission,omission,slot_mismatch,slot_value_near_miss,no_counterevidence_in_raw_memories,没有,部分正确,过宽,不是反证但有用,不该触发,合理,,是,"Q,T,U,V,W",False,False,"Did Martin decide to keep using traditional athletic wear after attending the seminar on Oct 29, 2027?","User likes comfortable athletic wear for its comfort and flexibility, ideal for his active lifestyle; he prefers casual business attire as it balances professionalism with comfort at work; he chooses eco‑friendly fabrics because they align with his sustainability and environmental values; he dislikes formal wear as it feels restrictive, preferring clothing that allows easy movement and comfort.",这条记忆只说明喜欢舒适运动服、偏好环保面料；它没有明确反驳“继续使用传统运动服”。原标为“模糊反证/不确定”偏宽。
8,40,1:15:3,2,False,omission,omission,slot_mismatch,slot_value_near_miss,no_counterevidence_in_raw_memories,没有,部分正确,过宽,不是反证,不该触发,合理,,否,无,False,False,"Did Martin decide to keep using traditional athletic wear after attending the seminar on Oct 29, 2027?","User's name is Martin Mark, male, born on August 2, 1996, currently 29 years old, and resides in Columbus.",人工标注与严格复核一致。
9,40,1:15:3,3,False,omission,omission,slot_mismatch,slot_value_near_miss,no_counterevidence_in_raw_memories,没有,部分正确,过宽,不是反证,不该触发,合理,,否,无,False,False,"Did Martin decide to keep using traditional athletic wear after attending the seminar on Oct 29, 2027?","Despite a challenging journey, Martin feels hopeful and optimistic about finding a role that supports both his career ambitions and personal health.",人工标注与严格复核一致。
10,44,1:21:3,3,False,omission,omission,absence_not_refutation,absence_not_refutation,temporal_gate_too_strict,没有,错误,过宽,不是反证,不该触发,合理,,否,无,False,False,"Was Martin closed to new experiences and uninterested in sports that challenge him mentally after May 05, 2028?","User’s parents are both alive, have no spouse or partner, and have no children; his father, born August 2, 1963, is a retired doctor who inspired Martin’s interest in health, while his mother, also born August 2, 1963, is a nurse passionate about community health, and the family’s medical background deeply influences Martin’s passion for promoting well‑being.",人工标注与严格复核一致。
11,44,1:21:3,7,False,omission,omission,absence_not_refutation,absence_not_refutation,temporal_gate_too_strict,没有,错误,过宽,不是反证,不该触发,合理,,否,无,False,False,"Was Martin closed to new experiences and uninterested in sports that challenge him mentally after May 05, 2028?","User's name is Martin Mark, male, born on August 2, 1996, currently 29 years old, and resides in Columbus.",人工标注与严格复核一致。
12,44,1:21:3,12,False,omission,omission,absence_not_refutation,absence_not_refutation,temporal_gate_too_strict,不确定,错误,过宽,模糊反证,不确定,部分合理,人工无法判断,是,"Q,T,U,V,W",False,False,"Was Martin closed to new experiences and uninterested in sports that challenge him mentally after May 05, 2028?",Martin expresses readiness to take on new challenges and opportunities in his current position.,“准备接受新挑战”只可能反驳“closed to new experiences”的一部分，但没有触及“sports that challenge him mentally”。原标为真反证过强。
13,45,1:21:2,3,False,omission,omission,absence_not_refutation,absence_not_refutation,premise_extraction_error,没有,部分正确,过宽,不是反证,不该触发,合理,,否,无,False,False,"Did Martin's perception of boxing remain purely negative after May 05, 2028?","User’s parents are both alive, have no spouse or partner, and have no children; his father, born August 2, 1963, is a retired doctor who inspired Martin’s interest in health, while his mother, also born August 2, 1963, is a nurse passionate about community health, and the family’s medical background deeply influences Martin’s passion for promoting well‑being.",人工标注与严格复核一致。
14,45,1:21:2,7,False,omission,omission,absence_not_refutation,absence_not_refutation,premise_extraction_error,没有,部分正确,过宽,不是反证,不该触发,合理,,否,无,False,False,"Did Martin's perception of boxing remain purely negative after May 05, 2028?","User's name is Martin Mark, male, born on August 2, 1996, currently 29 years old, and resides in Columbus.",人工标注与严格复核一致。
15,45,1:21:2,14,False,omission,omission,absence_not_refutation,absence_not_refutation,premise_extraction_error,没有,部分正确,过宽,不是反证,不该触发,合理,,否,无,False,False,"Did Martin's perception of boxing remain purely negative after May 05, 2028?","Martin transitioned to a new role, reporting huge relief and a much healthier balance between work and personal life, marking a significant improvement over his previous position.",人工标注与严格复核一致。
16,47,1:22:2,4,False,omission,omission,absence_not_refutation,absence_not_refutation,premise_extraction_error,没有,部分正确,过宽,不是反证,不该触发,合理,,否,无,False,False,"Did Martin's social network encourage him to retire early on April 20, 2028?","User’s parents are both alive, have no spouse or partner, and have no children; his father, born August 2, 1963, is a retired doctor who inspired Martin’s interest in health, while his mother, also born August 2, 1963, is a nurse passionate about community health, and the family’s medical background deeply influences Martin’s passion for promoting well‑being.",人工标注与严格复核一致。
17,47,1:22:2,8,False,omission,omission,absence_not_refutation,absence_not_refutation,premise_extraction_error,没有,部分正确,过宽,不是反证,不该触发,合理,,否,无,False,False,"Did Martin's social network encourage him to retire early on April 20, 2028?","User's name is Martin Mark, male, born on August 2, 1996, currently 29 years old, and resides in Columbus.",人工标注与严格复核一致。
18,47,1:22:2,10,False,omission,omission,absence_not_refutation,absence_not_refutation,premise_extraction_error,没有,部分正确,过宽,不是反证但有用,不该触发,合理,,否,无,False,False,"Did Martin's social network encourage him to retire early on April 20, 2028?","Martin transitioned to a new role, reporting huge relief and a much healthier balance between work and personal life, marking a significant improvement over his previous position.",人工标注与严格复核一致。
19,59,1:23:2,1,False,omission,omission,object_specificity_mismatch,slot_value_near_miss,slot_mapping_error,没有,正确,正确,不是反证但有用,不该触发,合理,,否,无,False,False,"Did Martin express a preference for solo gaming over multiplayer puzzle games on Aug 08, 2028?","User dislikes violent video games because they promote aggression, which opposes his values of peace and well‑being; he likes puzzle games as they challenge his mind and improve problem‑solving skills crucial to his profession; he also avoids gambling games due to their potential for addiction and financial stress, which are detrimental to mental health.",人工标注与严格复核一致。
20,63,1:24:3,1,False,omission,omission,not_refuting,related_but_not_refuting,slot_mapping_error,没有,正确,正确,不是反证但有用,不该触发,合理,,否,无,False,False,"Did Martin Mark express a preference for avoiding crowded tourist spots on Nov 10, 2028?","User likes wellness retreats for relaxation and activities that promote physical and mental health, aligning with his lifestyle; he avoids crowded tourist spots because they can be overwhelming and stressful; he enjoys nature hikes to connect with the environment and experience tranquility as an escape from his busy work life; he likes cultural tours for insights into different lifestyles and traditions, and spa vacations for unwinding and rejuvenation to maintain life balance.",人工标注与严格复核一致。
21,74,1:30:4,10,False,omission,omission,absence_not_refutation,absence_not_refutation,no_counterevidence_in_raw_memories,没有,部分正确,过宽,不是反证,不该触发,合理,,否,无,False,False,Did Martin's promotion to Senior Director at Huaxin Consulting occur after June 2029?,"User’s parents are both alive, have no spouse or partner, and have no children; his father, born August 2, 1963, is a retired doctor who inspired Martin’s interest in health, while his mother, also born August 2, 1963, is a nurse passionate about community health, and the family’s medical background deeply influences Martin’s passion for promoting well‑being.",人工标注与严格复核一致。
22,74,1:30:4,11,False,omission,omission,absence_not_refutation,absence_not_refutation,no_counterevidence_in_raw_memories,没有,部分正确,过宽,不是反证,不该触发,合理,,否,无,False,False,Did Martin's promotion to Senior Director at Huaxin Consulting occur after June 2029?,"User's name is Martin Mark, male, born on August 2, 1996, currently 29 years old, and resides in Columbus.",人工标注与严格复核一致。
23,74,1:30:4,12,False,omission,omission,absence_not_refutation,absence_not_refutation,no_counterevidence_in_raw_memories,没有,部分正确,过宽,不是反证,不该触发,合理,,否,无,False,False,Did Martin's promotion to Senior Director at Huaxin Consulting occur after June 2029?,"Yoga remains a staple in Martin’s routine, complementing the more intense activities and supporting his mental clarity.",人工标注与严格复核一致。
24,75,1:30:5,1,False,omission,omission,not_refuting,related_but_not_refuting,slot_mapping_error,没有,部分正确,正确,不是反证但有用,不该触发,合理,,否,无,False,False,Did Martin's mental health improve after his promotion in March 2029?,"Martin says the new role has noticeably improved his mental health, relieving the stress and pressure that his former job had imposed on him.",人工标注与严格复核一致。
25,75,1:30:5,2,False,omission,omission,not_refuting,related_but_not_refuting,slot_mapping_error,没有,部分正确,正确,不是反证但有用,不该触发,合理,,否,无,False,False,Did Martin's mental health improve after his promotion in March 2029?,"Despite a challenging journey, Martin feels hopeful and optimistic about finding a role that supports both his career ambitions and personal health.",人工标注与严格复核一致。
26,75,1:30:5,4,False,omission,omission,not_refuting,related_but_not_refuting,slot_mapping_error,不确定,部分正确,正确,模糊反证,不确定,部分合理,人工无法判断,是,"Q,T,U,V,W",False,False,Did Martin's mental health improve after his promotion in March 2029?,User reflected that his current role as director at Huaxin Consulting is negatively affecting his mental health and recognized the need for a career change.,严格二审下，该记忆说明当前 director 角色负面影响心理健康，但未明确对应“promotion in March 2029”之后的状态；不能作为明确真反证，只能作为模糊反证。
27,84,1:33:1,1,False,omission,omission,absence_not_refutation,absence_not_refutation,premise_extraction_error,没有,错误,过宽,不是反证但有用,不该触发,合理,,否,无,False,False,Did Martin Mark decide to exclude Sphynx cats from his pet preferences after visiting his colleague's home on 2030-02-26?,"User’s emerging preference for Golden Retrievers reflects his openness to new experiences and interactions, marking a shift from his previous focus on Labradors.",人工标注与严格复核一致。
28,84,1:33:1,2,False,omission,omission,absence_not_refutation,absence_not_refutation,premise_extraction_error,没有,错误,过宽,不是反证,不该触发,合理,,否,无,False,False,Did Martin Mark decide to exclude Sphynx cats from his pet preferences after visiting his colleague's home on 2030-02-26?,"User's name is Martin Mark, male, born on August 2, 1996, currently 29 years old, and resides in Columbus.",人工标注与严格复核一致。
29,84,1:33:1,6,False,omission,omission,absence_not_refutation,absence_not_refutation,premise_extraction_error,没有,错误,过宽,不是反证,不该触发,合理,,否,无,False,False,Did Martin Mark decide to exclude Sphynx cats from his pet preferences after visiting his colleague's home on 2030-02-26?,"User’s parents are both alive, have no spouse or partner, and have no children; his father, born August 2, 1963, is a retired doctor who inspired Martin’s interest in health, while his mother, also born August 2, 1963, is a nurse passionate about community health, and the family’s medical background deeply influences Martin’s passion for promoting well‑being.",人工标注与严格复核一致。
30,87,1:32:3,2,False,omission,omission,absence_not_refutation,absence_not_refutation,premise_extraction_error,没有,错误,过宽,不是反证,不该触发,合理,,否,无,False,False,"Did Martin Mark decide to switch to casual attire on Nov 23, 2029, to enhance professionalism?","User's name is Martin Mark, male, born on August 2, 1996, currently 29 years old, and resides in Columbus.",人工标注与严格复核一致。
31,87,1:32:3,3,False,omission,omission,absence_not_refutation,absence_not_refutation,premise_extraction_error,没有,错误,过宽,不是反证,不该触发,合理,,否,无,False,False,"Did Martin Mark decide to switch to casual attire on Nov 23, 2029, to enhance professionalism?","Martin transitioned to a new role, reporting huge relief and a much healthier balance between work and personal life, marking a significant improvement over his previous position.",人工标注与严格复核一致。
32,87,1:32:3,5,False,omission,omission,absence_not_refutation,absence_not_refutation,premise_extraction_error,没有,错误,过宽,不是反证,不该触发,合理,,否,无,False,False,"Did Martin Mark decide to switch to casual attire on Nov 23, 2029, to enhance professionalism?","Martin tried simulated skydiving during a team‑building event on April 10, 2026 and found the experience quite thrilling.",人工标注与严格复核一致。
33,91,1:34:2,1,False,omission,omission,absence_not_refutation,absence_not_refutation,premise_extraction_error,没有,错误,过宽,不是反证,不该触发,合理,,否,无,False,False,"Did Martin Mark's perception of wrestling remain negative after attending a live event on May 31, 2030?","Martin tried simulated skydiving during a team‑building event on April 10, 2026 and found the experience quite thrilling.",人工标注与严格复核一致。
34,91,1:34:2,2,False,omission,omission,absence_not_refutation,absence_not_refutation,premise_extraction_error,没有,错误,过宽,不是反证,不该触发,合理,,否,无,False,False,"Did Martin Mark's perception of wrestling remain negative after attending a live event on May 31, 2030?","User's name is Martin Mark, male, born on August 2, 1996, currently 29 years old, and resides in Columbus.",人工标注与严格复核一致。
35,91,1:34:2,3,False,omission,omission,absence_not_refutation,absence_not_refutation,premise_extraction_error,没有,错误,过宽,不是反证,不该触发,合理,,否,无,False,False,"Did Martin Mark's perception of wrestling remain negative after attending a live event on May 31, 2030?","Yoga remains a staple in Martin’s routine, complementing the more intense activities and supporting his mental clarity.",人工标注与严格复核一致。
36,93,1:36:1,1,False,omission,omission,absence_not_refutation,absence_not_refutation,explicit_refutation_gate_too_strict,没有,部分正确,过宽,不是反证,不该触发,合理,,否,无,False,False,"Did Martin Mark abandon conservation-focused hikes after December 06, 2030?","User's name is Martin Mark, male, born on August 2, 1996, currently 29 years old, and resides in Columbus.",人工标注与严格复核一致。
37,93,1:36:1,2,False,omission,omission,absence_not_refutation,absence_not_refutation,explicit_refutation_gate_too_strict,没有,部分正确,过宽,不是反证,不该触发,合理,,否,无,False,False,"Did Martin Mark abandon conservation-focused hikes after December 06, 2030?","Martin tried simulated skydiving during a team‑building event on April 10, 2026 and found the experience quite thrilling.",人工标注与严格复核一致。
38,93,1:36:1,3,False,omission,omission,absence_not_refutation,absence_not_refutation,explicit_refutation_gate_too_strict,没有,部分正确,过宽,不是反证,不该触发,合理,,否,无,False,False,"Did Martin Mark abandon conservation-focused hikes after December 06, 2030?","User’s parents are both alive, have no spouse or partner, and have no children; his father, born August 2, 1963, is a retired doctor who inspired Martin’s interest in health, while his mother, also born August 2, 1963, is a nurse passionate about community health, and the family’s medical background deeply influences Martin’s passion for promoting well‑being.",人工标注与严格复核一致。
39,95,1:35:3,3,False,omission,omission,absence_not_refutation,absence_not_refutation,temporal_gate_too_strict,没有,错误,过宽,不是反证,不该触发,合理,,否,无,False,False,"Did Martin express skepticism about responsible gaming practices during his friend's recovery on Sep 04, 2030?","Martin tried simulated skydiving during a team‑building event on April 10, 2026 and found the experience quite thrilling.",人工标注与严格复核一致。
40,95,1:35:3,8,False,omission,omission,absence_not_refutation,absence_not_refutation,temporal_gate_too_strict,没有,错误,过宽,不是反证,不该触发,合理,,否,无,False,False,"Did Martin express skepticism about responsible gaming practices during his friend's recovery on Sep 04, 2030?","User’s parents are both alive, have no spouse or partner, and have no children; his father, born August 2, 1963, is a retired doctor who inspired Martin’s interest in health, while his mother, also born August 2, 1963, is a nurse passionate about community health, and the family’s medical background deeply influences Martin’s passion for promoting well‑being.",人工标注与严格复核一致。
41,95,1:35:3,15,False,omission,omission,absence_not_refutation,absence_not_refutation,temporal_gate_too_strict,没有,错误,过宽,不是反证,不该触发,合理,,否,无,False,False,"Did Martin express skepticism about responsible gaming practices during his friend's recovery on Sep 04, 2030?","Yoga remains a staple in Martin’s routine, complementing the more intense activities and supporting his mental clarity.",人工标注与严格复核一致。
42,105,1:40:3,2,False,omission,omission,absence_not_refutation,absence_not_refutation,no_counterevidence_in_raw_memories,没有,错误,过宽,不是反证但有用,不该触发,合理,,否,无,False,False,"Did Martin Mark find rock music therapeutic during stressful periods at work on Sep 16, 2031?","Martin transitioned to a new role, reporting huge relief and a much healthier balance between work and personal life, marking a significant improvement over his previous position.",人工标注与严格复核一致。
43,105,1:40:3,4,False,omission,omission,absence_not_refutation,absence_not_refutation,no_counterevidence_in_raw_memories,没有,错误,过宽,不是反证,不该触发,合理,,否,无,False,False,"Did Martin Mark find rock music therapeutic during stressful periods at work on Sep 16, 2031?","Martin tried simulated skydiving during a team‑building event on April 10, 2026 and found the experience quite thrilling.",人工标注与严格复核一致。
44,105,1:40:3,13,False,omission,omission,absence_not_refutation,absence_not_refutation,no_counterevidence_in_raw_memories,没有,错误,过宽,不是反证,不该触发,合理,,否,无,False,False,"Did Martin Mark find rock music therapeutic during stressful periods at work on Sep 16, 2031?","User's name is Martin Mark, male, born on August 2, 1996, currently 29 years old, and resides in Columbus.",人工标注与严格复核一致。
45,114,1:44:3,2,False,omission,omission,absence_not_refutation,absence_not_refutation,slot_mapping_error,没有,部分正确,过宽,不是反证,不该触发,合理,,否,无,False,False,"Did Martin experience a decrease in financial freedom after his salary increase on August 15, 2031?","User’s parents are both alive, have no spouse or partner, and have no children; his father, born August 2, 1963, is a retired doctor who inspired Martin’s interest in health, while his mother, also born August 2, 1963, is a nurse passionate about community health, and the family’s medical background deeply influences Martin’s passion for promoting well‑being.",人工标注与严格复核一致。
46,114,1:44:3,4,False,omission,omission,absence_not_refutation,absence_not_refutation,slot_mapping_error,没有,部分正确,过宽,不是反证,不该触发,合理,,否,无,False,False,"Did Martin experience a decrease in financial freedom after his salary increase on August 15, 2031?","Martin transitioned to a new role, reporting huge relief and a much healthier balance between work and personal life, marking a significant improvement over his previous position.",人工标注与严格复核一致。
47,114,1:44:3,11,False,omission,omission,absence_not_refutation,absence_not_refutation,slot_mapping_error,没有,部分正确,过宽,不是反证,不该触发,合理,,否,无,False,False,"Did Martin experience a decrease in financial freedom after his salary increase on August 15, 2031?","User's name is Martin Mark, male, born on August 2, 1996, currently 29 years old, and resides in Columbus.",人工标注与严格复核一致。
48,133,1:54:1,1,False,omission,omission,not_refuting,related_but_not_refuting,slot_mapping_error,没有,正确,正确,不是反证但有用,不该触发,合理,,否,无,False,False,"Did Martin Mark express a preference for regular green tea after the tea expo on Jul 08, 2033?","User likes herbal teas for their calming properties and health benefits supporting overall well‑being; he enjoys fresh smoothies as his favorite nutritious and energizing drink for his active lifestyle; he avoids sugary sodas because of their high sugar content and lack of nutritional value, which conflict with his health‑conscious approach; he also likes green tea for its antioxidant properties, subtle flavor, refreshing taste, and benefits.",人工标注与严格复核一致。
49,135,1:55:1,3,False,omission,omission,not_refuting,related_but_not_refuting,slot_mapping_error,没有,正确,正确,不是反证但有用,不该触发,合理,,否,无,False,False,"Did Martin Mark express disinterest in socially conscious rap music on October 11, 2033?","User dislikes heavy metal as it feels too chaotic, preferring soothing and harmonious music; he likes classical music for relaxation and focus, creating a peaceful atmosphere; he enjoys jazz for its improvisational style that stimulates creativity; he avoids rap music because it often feels too aggressive, preferring genres that promote positivity; he likes ambient music for unwinding after a busy day, helping him relax and recharge.",人工标注与严格复核一致。
50,147,1:59:1,1,False,omission,omission,not_refuting,related_but_not_refuting,slot_mapping_error,没有,部分正确,错误,不是反证但有用,不该触发,合理,,否,无,False,False,"Did Martin Mark express a preference for traditional herbal teas over potent health beverages on Oct 24, 2034?","User intends to share the new herbal tea blends with friends, using them to foster meaningful conversations about health and wellness.",人工标注与严格复核一致。
51,147,1:59:1,2,False,omission,omission,not_refuting,related_but_not_refuting,slot_mapping_error,没有,部分正确,错误,不是反证但有用,不该触发,合理,,否,无,False,False,"Did Martin Mark express a preference for traditional herbal teas over potent health beverages on Oct 24, 2034?","User sees the herbal teas complementing his yoga practice by enhancing relaxation and focus, contributing to a holistic health approach.",人工标注与严格复核一致。
52,147,1:59:1,3,False,omission,omission,not_refuting,related_but_not_refuting,slot_mapping_error,没有,部分正确,错误,不是反证但有用,不该触发,合理,,否,无,False,False,"Did Martin Mark express a preference for traditional herbal teas over potent health beverages on Oct 24, 2034?","User attended a wellness retreat session where herbal teas with additional health‑enhancing blends were introduced, learning how these blends can boost relaxation and provide health benefits.",人工标注与严格复核一致。
53,150,1:60:3,2,False,omission,omission,object_specificity_mismatch,slot_value_near_miss,slot_mapping_error,没有,正确,正确,不是反证但有用,不该触发,合理,,否,无,False,False,"Did Martin Mark express a preference for ambient music over jazz on Jan 26, 2035?","User dislikes heavy metal as it feels too chaotic, preferring soothing and harmonious music; he likes classical music for relaxation and focus, creating a peaceful atmosphere; he enjoys jazz for its improvisational style that stimulates creativity; he avoids rap music because it often feels too aggressive, preferring genres that promote positivity; he likes ambient music for unwinding after a busy day, helping him relax and recharge.",人工标注与严格复核一致。
54,154,1:63:2,1,False,omission,omission,slot_mismatch,slot_value_near_miss,slot_mapping_error,没有,正确,正确,不是反证但有用,不该触发,合理,,否,无,False,False,"Did Martin Mark decide to avoid stylish athletic wear after May 01, 2035?","User attended a seminar on sustainable fashion around October 28, 2027, which opened his eyes to the environmental impact of traditional athletic wear.",人工标注与严格复核一致。
55,154,1:63:2,2,False,omission,omission,slot_mismatch,slot_value_near_miss,slot_mapping_error,没有,正确,正确,不是反证,不该触发,合理,,否,无,False,False,"Did Martin Mark decide to avoid stylish athletic wear after May 01, 2035?","User's name is Martin Mark, male, born on August 2, 1996, currently 29 years old, and resides in Columbus.",人工标注与严格复核一致。
56,154,1:63:2,3,False,omission,omission,slot_mismatch,slot_value_near_miss,slot_mapping_error,没有,正确,正确,不是反证但有用,不该触发,合理,,否,无,False,False,"Did Martin Mark decide to avoid stylish athletic wear after May 01, 2035?","User likes comfortable athletic wear for its comfort and flexibility, ideal for his active lifestyle; he prefers casual business attire as it balances professionalism with comfort at work; he chooses eco‑friendly fabrics because they align with his sustainability and environmental values; he dislikes formal wear as it feels restrictive, preferring clothing that allows easy movement and comfort.",人工标注与严格复核一致。
57,155,1:64:1,2,False,omission,omission,slot_mismatch,slot_value_near_miss,slot_mapping_error,没有,部分正确,正确,不是反证但有用,不该触发,合理,,否,无,False,False,"Did Martin Mark express disinterest in integrating insights from a study on feline communication into his pet preferences on Aug 03, 2035?","User’s emerging preference for Golden Retrievers reflects his openness to new experiences and interactions, marking a shift from his previous focus on Labradors.",人工标注与严格复核一致。
58,155,1:64:1,3,False,omission,omission,slot_mismatch,slot_value_near_miss,slot_mapping_error,没有,部分正确,正确,不是反证但有用,不该触发,合理,,否,无,False,False,"Did Martin Mark express disinterest in integrating insights from a study on feline communication into his pet preferences on Aug 03, 2035?","Martin finds that having pets, especially his Golden Retriever interactions, provides comfort and relaxation that supports his mental well‑being.",人工标注与严格复核一致。
59,155,1:64:1,4,False,omission,omission,slot_mismatch,slot_value_near_miss,slot_mapping_error,没有,部分正确,正确,不是反证,不该触发,合理,,否,无,False,False,"Did Martin Mark express disinterest in integrating insights from a study on feline communication into his pet preferences on Aug 03, 2035?","The insights Martin has gained from his network have been an enlightening experience, helping him identify what matters most in his career.",人工标注与严格复核一致。
60,161,1:65:2,1,False,omission,omission,not_refuting,related_but_not_refuting,premise_extraction_error,没有,错误,错误,不是反证但有用,不该触发,合理,,否,无,False,False,Did Martin launch his Global Health Initiative in May 2035?,User aims to enhance his leadership skills and deepen his understanding of global health initiatives to better serve communities.,人工标注与严格复核一致。
61,161,1:65:2,3,False,omission,omission,not_refuting,related_but_not_refuting,premise_extraction_error,没有,错误,错误,不是反证但有用,不该触发,合理,,否,无,False,False,Did Martin launch his Global Health Initiative in May 2035?,User has considered partnering with local health initiatives that target underserved communities.,人工标注与严格复核一致。
62,161,1:65:2,6,False,omission,omission,not_refuting,related_but_not_refuting,premise_extraction_error,没有,错误,错误,不是反证,不该触发,合理,,否,无,False,False,Did Martin launch his Global Health Initiative in May 2035?,"Despite a challenging journey, Martin feels hopeful and optimistic about finding a role that supports both his career ambitions and personal health.",人工标注与严格复核一致。
63,175,2:6:3,5,False,omission,omission,absence_not_refutation,absence_not_refutation,no_counterevidence_in_raw_memories,没有,错误,过宽,不是反证,不该触发,合理,,否,无,False,False,"Did Johnson Joseph's fear of snakes increase after attending the seminar on Apr 09, 2026?","User's name is Johnson Joseph, male, born on May 11, 1997, currently 28 years old, and resides in Albi.",人工标注与严格复核一致。
64,176,2:9:2,1,False,omission,omission,absence_not_refutation,absence_not_refutation,premise_extraction_error,没有,部分正确,过宽,不是反证,不该触发,合理,,否,无,False,False,"Did Johnson Joseph's Albi B&B host over 10,000 guests by Jun 21, 2026?","User's name is Johnson Joseph, male, born on May 11, 1997, currently 28 years old, and resides in Albi.",人工标注与严格复核一致。
65,176,2:9:2,3,False,omission,omission,temporal_mismatch,temporal_near_miss,premise_extraction_error,没有,部分正确,过宽,不是反证但有用,不该触发,合理,,否,无,False,False,"Did Johnson Joseph's Albi B&B host over 10,000 guests by Jun 21, 2026?","User is self‑employed in the hospitality industry, owning Albi B&B and managing all aspects of the business from guest relations to daily operations.",人工标注与严格复核一致。
66,176,2:9:2,10,False,omission,omission,temporal_mismatch,temporal_near_miss,premise_extraction_error,没有,部分正确,过宽,不是反证但有用,不该触发,合理,,否,无,False,False,"Did Johnson Joseph's Albi B&B host over 10,000 guests by Jun 21, 2026?","User's primary life goal is to become a leading figure in the hospitality industry by transforming his bed and breakfast into a world‑renowned destination, hosting over 10,000 guests annually, earning international hospitality awards, and expanding the business to multiple locations.",人工标注与严格复核一致。
67,187,2:10:2,5,False,omission,omission,not_refuting,related_but_not_refuting,explicit_refutation_gate_too_strict,没有,正确,正确,不是反证但有用,不该触发,合理,,否,无,False,False,"Did Johnson Joseph continue to dislike golf after his outing on Oct 14, 2026?","User enjoys cycling to explore the countryside around Albi and stay fit, likes hiking for mental clarity and natural beauty, and avoids golf because it is too slow‑paced and does not keep him moving.",人工标注与严格复核一致。
68,199,2:17:1,2,False,omission,omission,temporal_mismatch,temporal_near_miss,temporal_gate_too_strict,没有,正确,正确,不是反证但有用,不该触发,合理,,否,无,False,False,Did Johnson Joseph decide to avoid fantasy novels after attending the literary festival on 2028-04-28?,"User reads travel guides to discover new ideas for enhancing the B&B experience, enjoys biographies for inspiration from successful individuals, and avoids fantasy novels because they feel disconnected from reality and less relatable.",人工标注与严格复核一致。
69,10,1:5:1,1,False,hallucination,hallucination,not_refuting,related_but_not_refuting,explicit_refutation_gate_too_strict,没有,正确,正确,不是反证但有用,不该触发,合理,,否,无,False,False,"Did Martin express a preference for Labradors over Golden Retrievers on Jan 06, 2026?","User prefers dogs, especially Labradors, because they are friendly, loyal, and serve as great companions for outdoor activities like jogging, which helps him stay fit; he dislikes reptiles such as snakes due to their unsettling unpredictable movements and lack of social behavior; he likes cats for their independence, affection, and soothing purring after a long workday; he also likes parrots for their intelligence and ability to mimic speech, making interactions fun and engaging.",人工标注与严格复核一致。
70,66,1:26:2,1,False,hallucination,hallucination,not_refuting,related_but_not_refuting,slot_mapping_error,没有,正确,正确,不是反证但有用,不该触发,合理,,否,无,False,False,"Did Martin express a dislike for horror films on February 13, 2029?","User likes documentaries because they are informative and provide real‑world insights that complement his thirst for knowledge; he avoids horror films as they can be disturbing and undermine the positive mindset he strives to maintain; he also dislikes slasher films due to excessive violence, preferring movies with meaningful narratives.",人工标注与严格复核一致。
71,76,1:30:6,20,False,hallucination,hallucination,not_refuting,related_but_not_refuting,slot_mapping_error,没有,错误,错误,不是反证但有用,不该触发,合理,,否,无,False,False,Did Martin Mark express optimism about his future role as Senior Director before June 2029?,"User is employed as a director at Huaxin Consulting in the healthcare industry, earning a monthly income of 15,700 USD and holding 43,700 USD in savings as of September 5, 2025",人工标注与严格复核一致。
72,116,1:44:4,10,False,hallucination,hallucination,absence_not_refutation,absence_not_refutation,premise_extraction_error,没有,部分正确,过宽,不是反证,不该触发,合理,,否,无,False,False,"Did Martin's lifestyle changes after his salary increase lead to decreased job satisfaction by December 1, 2031?","User’s parents are both alive, have no spouse or partner, and have no children; his father, born August 2, 1963, is a retired doctor who inspired Martin’s interest in health, while his mother, also born August 2, 1963, is a nurse passionate about community health, and the family’s medical background deeply influences Martin’s passion for promoting well‑being.",人工标注与严格复核一致。
73,116,1:44:4,11,False,hallucination,hallucination,absence_not_refutation,absence_not_refutation,premise_extraction_error,没有,部分正确,过宽,不是反证但有用,不该触发,合理,,是,"Q,T,U,V,W",False,False,"Did Martin's lifestyle changes after his salary increase lead to decreased job satisfaction by December 1, 2031?","Martin transitioned to a new role, reporting huge relief and a much healthier balance between work and personal life, marking a significant improvement over his previous position.",新岗位带来 relief 和更好平衡，不能直接反驳“薪资增加后的生活方式变化导致工作满意度下降”；原因链和 job satisfaction 未直接对应。原标为模糊反证偏宽。
74,116,1:44:4,15,False,hallucination,hallucination,absence_not_refutation,absence_not_refutation,premise_extraction_error,没有,部分正确,过宽,不是反证,不该触发,合理,,否,无,False,False,"Did Martin's lifestyle changes after his salary increase lead to decreased job satisfaction by December 1, 2031?","Yoga remains a staple in Martin’s routine, complementing the more intense activities and supporting his mental clarity.",人工标注与严格复核一致。
75,174,2:9:1,2,False,hallucination,hallucination,absence_not_refutation,absence_not_refutation,no_counterevidence_in_raw_memories,没有,错误,过宽,不是反证,不该触发,合理,,否,无,False,False,"Did Johnson Joseph's monthly income increase from 3500 yuan to 4500 yuan after his promotion on Dec 21, 2025?","User's name is Johnson Joseph, male, born on May 11, 1997, currently 28 years old, and resides in Albi.",人工标注与严格复核一致。
76,188,2:15:1,1,False,hallucination,hallucination,premise_anchor_mismatch,no_candidate_overlap,no_counterevidence_in_raw_memories,没有,正确,正确,不是反证但有用,不该触发,合理,,是,"Q,T,U,V,W",False,False,Did Johnson Joseph lose interest in strategy-based games after his layoff in August 2027?,"User likes puzzle games for mental challenge and relaxation during downtime at the B&B, enjoys board games to interact with guests and create a friendly atmosphere, and avoids first‑person shooters because they are too intense and lack strategic calmness.",喜欢 puzzle/board games 不能等同于仍对 strategy-based games 有兴趣，也没有 layoff 后的时间条件。原标为模糊反证偏宽。
77,188,2:15:1,2,False,hallucination,hallucination,premise_anchor_mismatch,no_candidate_overlap,no_counterevidence_in_raw_memories,没有,正确,正确,不是反证,不该触发,合理,,否,无,False,False,Did Johnson Joseph lose interest in strategy-based games after his layoff in August 2027?,"User's partner was born on May 11, 1995, shares a passion for travel and tourism, and supports Johnson's business endeavors.",人工标注与严格复核一致。
78,188,2:15:1,4,False,hallucination,hallucination,slot_mismatch,slot_value_near_miss,no_counterevidence_in_raw_memories,没有,正确,正确,不是反证,不该触发,合理,,否,无,False,False,Did Johnson Joseph lose interest in strategy-based games after his layoff in August 2027?,"User's name is Johnson Joseph, male, born on May 11, 1997, currently 28 years old, and resides in Albi.",人工标注与严格复核一致。
79,0,1:1:3,8,False,correct,correct,not_refuting,related_but_not_refuting,premise_extraction_error,没有,错误,错误,不是反证但有用,不该触发,合理,,否,无,False,False,Did Martin Mark establish a global health initiative with his partner in 2025?,User holds a Bachelor’s degree with a major in Public Health.,人工标注与严格复核一致。
80,0,1:1:3,12,False,correct,correct,not_refuting,related_but_not_refuting,premise_extraction_error,没有,错误,错误,不是反证但有用,不该触发,合理,,否,无,False,False,Did Martin Mark establish a global health initiative with his partner in 2025?,"User likes wellness retreats for relaxation and activities that promote physical and mental health, aligning with his lifestyle; he avoids crowded tourist spots because they can be overwhelming and stressful; he enjoys nature hikes to connect with the environment and experience tranquility as an escape from his busy work life; he likes cultural tours for insights into different lifestyles and traditions, and spa vacations for unwinding and rejuvenation to maintain life balance.",人工标注与严格复核一致。
81,0,1:1:3,13,False,correct,correct,not_refuting,related_but_not_refuting,premise_extraction_error,没有,错误,错误,不是反证,不该触发,合理,,否,无,False,False,Did Martin Mark establish a global health initiative with his partner in 2025?,"User dislikes violent video games because they promote aggression, which opposes his values of peace and well‑being; he likes puzzle games as they challenge his mind and improve problem‑solving skills crucial to his profession; he also avoids gambling games due to their potential for addiction and financial stress, which are detrimental to mental health.",人工标注与严格复核一致。
82,1,1:2:1,2,False,correct,correct,absence_not_refutation,absence_not_refutation,temporal_gate_too_strict,没有,部分正确,过宽,不是反证,不该触发,合理,,否,无,False,False,"Did Martin Mark work as a nurse at Huaxin Consulting on Sep 06, 2025?","User's name is Martin Mark, male, born on August 2, 1996, currently 29 years old, and resides in Columbus.",人工标注与严格复核一致。
83,1,1:2:1,3,False,correct,correct,absence_not_refutation,absence_not_refutation,temporal_gate_too_strict,没有,部分正确,过宽,不是反证,不该触发,合理,,否,无,False,False,"Did Martin Mark work as a nurse at Huaxin Consulting on Sep 06, 2025?","User’s parents are both alive, have no spouse or partner, and have no children; his father, born August 2, 1963, is a retired doctor who inspired Martin’s interest in health, while his mother, also born August 2, 1963, is a nurse passionate about community health, and the family’s medical background deeply influences Martin’s passion for promoting well‑being.",人工标注与严格复核一致。
84,1,1:2:1,4,False,correct,correct,temporal_mismatch,temporal_near_miss,temporal_gate_too_strict,没有,部分正确,过宽,不是反证但有用,不该触发,合理,,否,无,False,False,"Did Martin Mark work as a nurse at Huaxin Consulting on Sep 06, 2025?","User works with a colleague named Daniel Martinez, whose expertise in healthcare consulting challenges him to push boundaries and innovate, significantly impacting his career growth",人工标注与严格复核一致。
85,5,1:2:2,1,False,correct,correct,absence_not_refutation,absence_not_refutation,no_counterevidence_in_raw_memories,没有,错误,过宽,不是反证,不该触发,合理,,否,无,False,False,"Is Martin Mark unemployed and struggling financially as of Sep 06, 2025?","User's name is Martin Mark, male, born on August 2, 1996, currently 29 years old, and resides in Columbus.",人工标注与严格复核一致。
86,5,1:2:2,2,False,correct,correct,absence_not_refutation,absence_not_refutation,no_counterevidence_in_raw_memories,没有,错误,过宽,不是反证,不该触发,合理,,否,无,False,False,"Is Martin Mark unemployed and struggling financially as of Sep 06, 2025?","User’s parents are both alive, have no spouse or partner, and have no children; his father, born August 2, 1963, is a retired doctor who inspired Martin’s interest in health, while his mother, also born August 2, 1963, is a nurse passionate about community health, and the family’s medical background deeply influences Martin’s passion for promoting well‑being.",人工标注与严格复核一致。
87,11,1:3:2,1,False,correct,correct,absence_not_refutation,absence_not_refutation,premise_extraction_error,没有,部分正确,过宽,不是反证,不该触发,合理,,否,无,False,False,"Did Martin Mark mention a preference for reptiles as pets on Sep 07, 2025?","User's name is Martin Mark, male, born on August 2, 1996, currently 29 years old, and resides in Columbus.",人工标注与严格复核一致。
88,11,1:3:2,2,False,correct,correct,absence_not_refutation,absence_not_refutation,premise_extraction_error,没有,部分正确,过宽,不是反证,不该触发,合理,,否,无,False,False,"Did Martin Mark mention a preference for reptiles as pets on Sep 07, 2025?","User’s parents are both alive, have no spouse or partner, and have no children; his father, born August 2, 1963, is a retired doctor who inspired Martin’s interest in health, while his mother, also born August 2, 1963, is a nurse passionate about community health, and the family’s medical background deeply influences Martin’s passion for promoting well‑being.",人工标注与严格复核一致。
89,42,1:18:2,1,False,correct,correct,absence_not_refutation,absence_not_refutation,no_counterevidence_in_raw_memories,没有,错误,过宽,不是反证,不该触发,合理,,否,无,False,False,"Did Martin express a newfound interest in snakes after his visit to the reptile sanctuary on Feb 01, 2028?","User’s parents are both alive, have no spouse or partner, and have no children; his father, born August 2, 1963, is a retired doctor who inspired Martin’s interest in health, while his mother, also born August 2, 1963, is a nurse passionate about community health, and the family’s medical background deeply influences Martin’s passion for promoting well‑being.",人工标注与严格复核一致。
90,42,1:18:2,8,False,correct,correct,absence_not_refutation,absence_not_refutation,no_counterevidence_in_raw_memories,没有,错误,过宽,不是反证,不该触发,合理,,否,无,False,False,"Did Martin express a newfound interest in snakes after his visit to the reptile sanctuary on Feb 01, 2028?","User's name is Martin Mark, male, born on August 2, 1996, currently 29 years old, and resides in Columbus.",人工标注与严格复核一致。
91,46,1:22:1,6,False,correct,correct,absence_not_refutation,absence_not_refutation,premise_extraction_error,没有,部分正确,过宽,不是反证,不该触发,合理,,否,无,False,False,"Did Martin retire early from Huaxin Consulting on March 10, 2028?","User’s parents are both alive, have no spouse or partner, and have no children; his father, born August 2, 1963, is a retired doctor who inspired Martin’s interest in health, while his mother, also born August 2, 1963, is a nurse passionate about community health, and the family’s medical background deeply influences Martin’s passion for promoting well‑being.",人工标注与严格复核一致。
92,46,1:22:1,7,False,correct,correct,absence_not_refutation,absence_not_refutation,premise_extraction_error,没有,部分正确,过宽,不是反证,不该触发,合理,,否,无,False,False,"Did Martin retire early from Huaxin Consulting on March 10, 2028?","User's name is Martin Mark, male, born on August 2, 1996, currently 29 years old, and resides in Columbus.",人工标注与严格复核一致。
93,46,1:22:1,11,False,correct,correct,absence_not_refutation,absence_not_refutation,premise_extraction_error,不确定,部分正确,过宽,模糊反证,不确定,部分合理,人工无法判断,是,"Q,T,U,V,W",False,False,"Did Martin retire early from Huaxin Consulting on March 10, 2028?","Martin transitioned to a new role, reporting huge relief and a much healthier balance between work and personal life, marking a significant improvement over his previous position.",转到新岗位可能反驳“退休”，但问题是“从 Huaxin Consulting 提前退休”且日期不明确；它不是足够严格的真反证。
94,48,1:22:3,1,False,correct,correct,absence_not_refutation,absence_not_refutation,premise_extraction_error,没有,部分正确,过宽,不是反证,不该触发,合理,,否,无,False,False,"Did Martin officially begin his retirement on June 1, 2028?","User's name is Martin Mark, male, born on August 2, 1996, currently 29 years old, and resides in Columbus.",人工标注与严格复核一致。
95,48,1:22:3,2,False,correct,correct,absence_not_refutation,absence_not_refutation,premise_extraction_error,没有,部分正确,过宽,不是反证,不该触发,合理,,否,无,False,False,"Did Martin officially begin his retirement on June 1, 2028?","User’s parents are both alive, have no spouse or partner, and have no children; his father, born August 2, 1963, is a retired doctor who inspired Martin’s interest in health, while his mother, also born August 2, 1963, is a nurse passionate about community health, and the family’s medical background deeply influences Martin’s passion for promoting well‑being.",人工标注与严格复核一致。
96,48,1:22:3,6,False,correct,correct,absence_not_refutation,absence_not_refutation,premise_extraction_error,不确定,部分正确,过宽,模糊反证,不确定,部分合理,人工无法判断,是,"Q,T,U,V,W",False,False,"Did Martin officially begin his retirement on June 1, 2028?","Martin transitioned to a new role, reporting huge relief and a much healthier balance between work and personal life, marking a significant improvement over his previous position.",转到新岗位可能反驳“正式开始退休”，但缺少与 2028-06-01 的直接时间对应；严格审计下不宜直接标真反证。
97,122,1:48:1,7,False,correct,correct,absence_not_refutation,absence_not_refutation,premise_extraction_error,没有,错误,过宽,不是反证,不该触发,合理,,否,无,False,False,Did Martin decide to exclude cultural tours from his travel preferences as of 2032-12-31?,"Martin tried simulated skydiving during a team‑building event on April 10, 2026 and found the experience quite thrilling.",人工标注与严格复核一致。
98,122,1:48:1,9,False,correct,correct,absence_not_refutation,absence_not_refutation,premise_extraction_error,没有,错误,过宽,不是反证,不该触发,合理,,否,无,False,False,Did Martin decide to exclude cultural tours from his travel preferences as of 2032-12-31?,"User’s parents are both alive, have no spouse or partner, and have no children; his father, born August 2, 1963, is a retired doctor who inspired Martin’s interest in health, while his mother, also born August 2, 1963, is a nurse passionate about community health, and the family’s medical background deeply influences Martin’s passion for promoting well‑being.",人工标注与严格复核一致。
99,122,1:48:1,13,False,correct,correct,absence_not_refutation,absence_not_refutation,premise_extraction_error,没有,错误,过宽,不是反证,不该触发,合理,,否,无,False,False,Did Martin decide to exclude cultural tours from his travel preferences as of 2032-12-31?,"Yoga remains a staple in Martin’s routine, complementing the more intense activities and supporting his mental clarity.",人工标注与严格复核一致。
100,140,1:56:3,6,False,correct,correct,absence_not_refutation,absence_not_refutation,temporal_gate_too_strict,没有,错误,过宽,不是反证,不该触发,合理,,否,无,False,False,"Did Martin Mark express skepticism about the impact of sustainable clothing on his lifestyle and the environment on January 13, 2034?","User's name is Martin Mark, male, born on August 2, 1996, currently 29 years old, and resides in Columbus.",人工标注与严格复核一致。
101,140,1:56:3,17,False,correct,correct,absence_not_refutation,absence_not_refutation,temporal_gate_too_strict,没有,错误,过宽,不是反证,不该触发,合理,,否,无,False,False,"Did Martin Mark express skepticism about the impact of sustainable clothing on his lifestyle and the environment on January 13, 2034?","Martin tried simulated skydiving during a team‑building event on April 10, 2026 and found the experience quite thrilling.",人工标注与严格复核一致。
102,140,1:56:3,18,False,correct,correct,absence_not_refutation,absence_not_refutation,temporal_gate_too_strict,没有,错误,过宽,不是反证,不该触发,合理,,否,无,False,False,"Did Martin Mark express skepticism about the impact of sustainable clothing on his lifestyle and the environment on January 13, 2034?","User’s parents are both alive, have no spouse or partner, and have no children; his father, born August 2, 1963, is a retired doctor who inspired Martin’s interest in health, while his mother, also born August 2, 1963, is a nurse passionate about community health, and the family’s medical background deeply influences Martin’s passion for promoting well‑being.",人工标注与严格复核一致。
103,168,2:2:1,1,False,correct,correct,absence_not_refutation,absence_not_refutation,no_counterevidence_in_raw_memories,没有,正确,过宽,不是反证,不该触发,合理,,否,无,False,False,Is Johnson Joseph employed by a large hotel chain as a manager?,"User's name is Johnson Joseph, male, born on May 11, 1997, currently 28 years old, and resides in Albi.",人工标注与严格复核一致。
104,30,1:10:3,1,True,correct,correct,selected,triggered_by_r3a,already_triggered,明确有,正确,正确,真反证,应该触发,合理,,否,无,False,False,"Did Martin express interest in violent video games on July 14, 2026?","User dislikes violent video games because they promote aggression, which opposes his values of peace and well‑being; he likes puzzle games as they challenge his mind and improve problem‑solving skills crucial to his profession; he also avoids gambling games due to their potential for addiction and financial stress, which are detrimental to mental health.",人工标注与严格复核一致。
105,177,2:3:3,2,True,correct,correct,selected,triggered_by_r3a,already_triggered,明确有,正确,正确,真反证,应该触发,合理,,否,无,False,False,"Did Johnson Joseph express a dislike for documentaries on Sep 06, 2025?","User prefers documentaries for cultural and historical insight, comedies to unwind after managing the B&B, and romantic dramas for inspiring, emotional stories, while disliking horror films that cause anxiety and science‑fiction movies that feel too far‑fetched.",人工标注与严格复核一致。
