excel_row,样本编号,问题编号,问题,R0标签,R3a标签,R3a是否触发,记忆编号,候选记忆文本,自动拒绝原因,候选类型,自动抽取主体,自动抽取槽位,自动抽取声明值,自动抽取时间条件,自动门控轨迹,自动失败来源,人工_是否有已检索反证,人工_问题前提抽取是否正确,人工_槽位归类是否正确,人工_这条记忆是否反驳问题前提,人工_是否本该触发R3a,人工_自动拒绝是否合理,人工_失败来源,人工_审计备注,审计者,复核状态,复核备注
4,29,1:12:2,"Did Martin's movie preference shift from fictional narratives to documentaries after a relaxing week on Jan 19, 2027?",omission,omission,False,1,"User likes documentaries because they are informative and provide real‑world insights that complement his thirst for knowledge; he avoids horror films as they can be disturbing and undermine the positive mindset he strives to maintain; he also dislikes slasher films due to excessive violence, preferring movies with meaningful narratives.",slot_mismatch,slot_value_near_miss,Martin,transition,fictional narratives -> documentaries,"shift from; after a relaxing week on Jan 19; Jan 19, 2027","premise_anchor:True:pass:shared anchor tokens: narrativ, narratives | slot_value_alignment:False:slot_mismatch:transition premise needs same preference/action value | temporal_compatibility:False:not_evaluated: | explicit_refutation:False:not_evaluated:",no_counterevidence_in_raw_memories,没有,正确,正确,不是反证但有用,不该触发,合理,,Memory mentions documentaries and narratives but does not show a shift from fictional narratives.,陆含,未复核,
5,29,1:12:2,"Did Martin's movie preference shift from fictional narratives to documentaries after a relaxing week on Jan 19, 2027?",omission,omission,False,2,"User’s parents are both alive, have no spouse or partner, and have no children; his father, born August 2, 1963, is a retired doctor who inspired Martin’s interest in health, while his mother, also born August 2, 1963, is a nurse passionate about community health, and the family’s medical background deeply influences Martin’s passion for promoting well‑being.",slot_mismatch,slot_value_near_miss,Martin,transition,fictional narratives -> documentaries,"shift from; after a relaxing week on Jan 19; Jan 19, 2027",premise_anchor:True:pass:shared anchor tokens: martin | slot_value_alignment:False:slot_mismatch:transition premise needs same preference/action value | temporal_compatibility:False:not_evaluated: | explicit_refutation:False:not_evaluated:,no_counterevidence_in_raw_memories,没有,正确,正确,不是反证,不该触发,合理,,Family background does not address the movie preference shift.,陆含,未复核,
6,29,1:12:2,"Did Martin's movie preference shift from fictional narratives to documentaries after a relaxing week on Jan 19, 2027?",omission,omission,False,3,"User's name is Martin Mark, male, born on August 2, 1996, currently 29 years old, and resides in Columbus.",slot_mismatch,slot_value_near_miss,Martin,transition,fictional narratives -> documentaries,"shift from; after a relaxing week on Jan 19; Jan 19, 2027",premise_anchor:True:pass:shared anchor tokens: martin | slot_value_alignment:False:slot_mismatch:transition premise needs same preference/action value | temporal_compatibility:False:not_evaluated: | explicit_refutation:False:not_evaluated:,no_counterevidence_in_raw_memories,没有,正确,正确,不是反证,不该触发,合理,,Identity information does not address the movie preference shift.,陆含,未复核,
7,40,1:15:3,"Did Martin decide to keep using traditional athletic wear after attending the seminar on Oct 29, 2027?",omission,omission,False,1,"User likes comfortable athletic wear for its comfort and flexibility, ideal for his active lifestyle; he prefers casual business attire as it balances professionalism with comfort at work; he chooses eco‑friendly fabrics because they align with his sustainability and environmental values; he dislikes formal wear as it feels restrictive, preferring clothing that allows easy movement and comfort.",slot_mismatch,slot_value_near_miss,Martin,activity,traditional athletic wear,"decide to; after attending the seminar on Oct 29; Oct 29, 2027",premise_anchor:True:pass:shared anchor tokens: wear | slot_value_alignment:False:slot_mismatch:activity object differs | temporal_compatibility:False:not_evaluated: | explicit_refutation:False:not_evaluated:,no_counterevidence_in_raw_memories,不确定,部分正确,过宽,模糊反证,不确定,部分合理,人工无法判断,"Eco-friendly fabric preference may conflict with keeping traditional athletic wear, but it is not explicit.",陆含,未复核,
8,40,1:15:3,"Did Martin decide to keep using traditional athletic wear after attending the seminar on Oct 29, 2027?",omission,omission,False,2,"User's name is Martin Mark, male, born on August 2, 1996, currently 29 years old, and resides in Columbus.",slot_mismatch,slot_value_near_miss,Martin,activity,traditional athletic wear,"decide to; after attending the seminar on Oct 29; Oct 29, 2027",premise_anchor:True:pass:shared anchor tokens: martin | slot_value_alignment:False:slot_mismatch:premise slot activity vs memory slot generic_yesno | temporal_compatibility:False:not_evaluated: | explicit_refutation:False:not_evaluated:,no_counterevidence_in_raw_memories,没有,部分正确,过宽,不是反证,不该触发,合理,,Identity information does not address the athletic-wear decision.,陆含,未复核,
9,40,1:15:3,"Did Martin decide to keep using traditional athletic wear after attending the seminar on Oct 29, 2027?",omission,omission,False,3,"Despite a challenging journey, Martin feels hopeful and optimistic about finding a role that supports both his career ambitions and personal health.",slot_mismatch,slot_value_near_miss,Martin,activity,traditional athletic wear,"decide to; after attending the seminar on Oct 29; Oct 29, 2027",premise_anchor:True:pass:shared anchor tokens: martin | slot_value_alignment:False:slot_mismatch:premise slot activity vs memory slot health_status | temporal_compatibility:False:not_evaluated: | explicit_refutation:False:not_evaluated:,no_counterevidence_in_raw_memories,没有,部分正确,过宽,不是反证,不该触发,合理,,Career optimism does not address the athletic-wear decision.,陆含,未复核,
10,44,1:21:3,"Was Martin closed to new experiences and uninterested in sports that challenge him mentally after May 05, 2028?",omission,omission,False,3,"User’s parents are both alive, have no spouse or partner, and have no children; his father, born August 2, 1963, is a retired doctor who inspired Martin’s interest in health, while his mother, also born August 2, 1963, is a nurse passionate about community health, and the family’s medical background deeply influences Martin’s passion for promoting well‑being.",absence_not_refutation,absence_not_refutation,Martin,generic_yesno,mentally may 2028,"after May 05; May 05, 2028",premise_anchor:True:pass:shared anchor tokens: martin | slot_value_alignment:True:pass:same slot | temporal_compatibility:True:pass:temporal condition is compatible | explicit_refutation:False:absence_not_refutation:memory does not mention the premise value,temporal_gate_too_strict,没有,错误,过宽,不是反证,不该触发,合理,,Family medical background does not address openness to new experiences or challenging sports.,陆含,未复核,
11,44,1:21:3,"Was Martin closed to new experiences and uninterested in sports that challenge him mentally after May 05, 2028?",omission,omission,False,7,"User's name is Martin Mark, male, born on August 2, 1996, currently 29 years old, and resides in Columbus.",absence_not_refutation,absence_not_refutation,Martin,generic_yesno,mentally may 2028,"after May 05; May 05, 2028",premise_anchor:True:pass:shared anchor tokens: martin | slot_value_alignment:True:pass:same slot | temporal_compatibility:True:pass:temporal condition is compatible | explicit_refutation:False:absence_not_refutation:memory does not mention the premise value,temporal_gate_too_strict,没有,错误,过宽,不是反证,不该触发,合理,,Identity information does not address openness to new experiences or challenging sports.,陆含,未复核,
12,44,1:21:3,"Was Martin closed to new experiences and uninterested in sports that challenge him mentally after May 05, 2028?",omission,omission,False,12,Martin expresses readiness to take on new challenges and opportunities in his current position.,absence_not_refutation,absence_not_refutation,Martin,generic_yesno,mentally may 2028,"after May 05; May 05, 2028",premise_anchor:True:pass:shared anchor tokens: martin | slot_value_alignment:True:pass:same slot | temporal_compatibility:True:pass:temporal condition is compatible | explicit_refutation:False:absence_not_refutation:memory does not mention the premise value,temporal_gate_too_strict,明确有,错误,过宽,真反证,应该触发,不合理,问题前提抽取错误,Readiness for new challenges contradicts being closed to new experiences.,陆含,未复核,
13,45,1:21:2,"Did Martin's perception of boxing remain purely negative after May 05, 2028?",omission,omission,False,3,"User’s parents are both alive, have no spouse or partner, and have no children; his father, born August 2, 1963, is a retired doctor who inspired Martin’s interest in health, while his mother, also born August 2, 1963, is a nurse passionate about community health, and the family’s medical background deeply influences Martin’s passion for promoting well‑being.",absence_not_refutation,absence_not_refutation,Martin,generic_yesno,negative may 2028,"after May 05; May 05, 2028",premise_anchor:True:pass:shared anchor tokens: martin | slot_value_alignment:True:pass:same slot | temporal_compatibility:True:pass:temporal condition is compatible | explicit_refutation:False:absence_not_refutation:memory does not mention the premise value,premise_extraction_error,没有,部分正确,过宽,不是反证,不该触发,合理,,Family medical background does not address boxing perception.,陆含,未复核,
14,45,1:21:2,"Did Martin's perception of boxing remain purely negative after May 05, 2028?",omission,omission,False,7,"User's name is Martin Mark, male, born on August 2, 1996, currently 29 years old, and resides in Columbus.",absence_not_refutation,absence_not_refutation,Martin,generic_yesno,negative may 2028,"after May 05; May 05, 2028",premise_anchor:True:pass:shared anchor tokens: martin | slot_value_alignment:True:pass:same slot | temporal_compatibility:True:pass:temporal condition is compatible | explicit_refutation:False:absence_not_refutation:memory does not mention the premise value,premise_extraction_error,没有,部分正确,过宽,不是反证,不该触发,合理,,Identity information does not address boxing perception.,陆含,未复核,
15,45,1:21:2,"Did Martin's perception of boxing remain purely negative after May 05, 2028?",omission,omission,False,14,"Martin transitioned to a new role, reporting huge relief and a much healthier balance between work and personal life, marking a significant improvement over his previous position.",absence_not_refutation,absence_not_refutation,Martin,generic_yesno,negative may 2028,"after May 05; May 05, 2028",premise_anchor:True:pass:shared anchor tokens: martin | slot_value_alignment:True:pass:same slot | temporal_compatibility:True:pass:temporal condition is compatible | explicit_refutation:False:absence_not_refutation:memory does not mention the premise value,premise_extraction_error,没有,部分正确,过宽,不是反证,不该触发,合理,,Job transition does not address whether boxing perception remained negative.,陆含,未复核,
16,47,1:22:2,"Did Martin's social network encourage him to retire early on April 20, 2028?",omission,omission,False,4,"User’s parents are both alive, have no spouse or partner, and have no children; his father, born August 2, 1963, is a retired doctor who inspired Martin’s interest in health, while his mother, also born August 2, 1963, is a nurse passionate about community health, and the family’s medical background deeply influences Martin’s passion for promoting well‑being.",absence_not_refutation,absence_not_refutation,Martin,generic_yesno,early april 2028,"on April 20; April 20, 2028",premise_anchor:True:pass:shared anchor tokens: martin | slot_value_alignment:True:pass:same slot | temporal_compatibility:True:pass:temporal condition is compatible | explicit_refutation:False:absence_not_refutation:memory does not mention the premise value,premise_extraction_error,没有,部分正确,过宽,不是反证,不该触发,合理,,Family background does not address social-network encouragement to retire.,陆含,未复核,
17,47,1:22:2,"Did Martin's social network encourage him to retire early on April 20, 2028?",omission,omission,False,8,"User's name is Martin Mark, male, born on August 2, 1996, currently 29 years old, and resides in Columbus.",absence_not_refutation,absence_not_refutation,Martin,generic_yesno,early april 2028,"on April 20; April 20, 2028",premise_anchor:True:pass:shared anchor tokens: martin | slot_value_alignment:True:pass:same slot | temporal_compatibility:True:pass:temporal condition is compatible | explicit_refutation:False:absence_not_refutation:memory does not mention the premise value,premise_extraction_error,没有,部分正确,过宽,不是反证,不该触发,合理,,Identity information does not address social-network encouragement to retire.,陆含,未复核,
18,47,1:22:2,"Did Martin's social network encourage him to retire early on April 20, 2028?",omission,omission,False,10,"Martin transitioned to a new role, reporting huge relief and a much healthier balance between work and personal life, marking a significant improvement over his previous position.",absence_not_refutation,absence_not_refutation,Martin,generic_yesno,early april 2028,"on April 20; April 20, 2028",premise_anchor:True:pass:shared anchor tokens: martin | slot_value_alignment:True:pass:same slot | temporal_compatibility:True:pass:temporal condition is compatible | explicit_refutation:False:absence_not_refutation:memory does not mention the premise value,premise_extraction_error,没有,部分正确,过宽,不是反证但有用,不该触发,合理,,New role information is career-related but does not refute social-network encouragement to retire.,陆含,未复核,
19,59,1:23:2,"Did Martin express a preference for solo gaming over multiplayer puzzle games on Aug 08, 2028?",omission,omission,False,1,"User dislikes violent video games because they promote aggression, which opposes his values of peace and well‑being; he likes puzzle games as they challenge his mind and improve problem‑solving skills crucial to his profession; he also avoids gambling games due to their potential for addiction and financial stress, which are detrimental to mental health.",object_specificity_mismatch,slot_value_near_miss,Martin,preference_status,solo gaming over multiplayer puzzle games,"on Aug 08; Aug 08, 2028",premise_anchor:True:pass:shared anchor tokens: puzzle | slot_value_alignment:False:object_specificity_mismatch:preference object is too generic | temporal_compatibility:False:not_evaluated: | explicit_refutation:False:not_evaluated:,slot_mapping_error,没有,正确,正确,不是反证但有用,不该触发,合理,,The memory likes puzzle games but does not address solo gaming over multiplayer puzzle games.,陆含,未复核,
20,63,1:24:3,"Did Martin Mark express a preference for avoiding crowded tourist spots on Nov 10, 2028?",omission,omission,False,1,"User likes wellness retreats for relaxation and activities that promote physical and mental health, aligning with his lifestyle; he avoids crowded tourist spots because they can be overwhelming and stressful; he enjoys nature hikes to connect with the environment and experience tranquility as an escape from his busy work life; he likes cultural tours for insights into different lifestyles and traditions, and spa vacations for unwinding and rejuvenation to maintain life balance.",not_refuting,related_but_not_refuting,Martin Mark,preference_status,avoiding crowded tourist spots,"on Nov 10; Nov 10, 2028","premise_anchor:True:pass:shared anchor tokens: crowd, crowded, spot, spots, tourist | slot_value_alignment:True:pass:same preference value | temporal_compatibility:True:pass:stable opposite preference can refute dated preference utterance | explicit_refutation:False:not_refuting:memory is compatible with the premise or only supports it",slot_mapping_error,没有,正确,正确,不是反证但有用,不该触发,合理,,"The memory supports avoiding crowded tourist spots, so it is useful but not a refutation.",陆含,未复核,
21,74,1:30:4,Did Martin's promotion to Senior Director at Huaxin Consulting occur after June 2029?,omission,omission,False,10,"User’s parents are both alive, have no spouse or partner, and have no children; his father, born August 2, 1963, is a retired doctor who inspired Martin’s interest in health, while his mother, also born August 2, 1963, is a nurse passionate about community health, and the family’s medical background deeply influences Martin’s passion for promoting well‑being.",absence_not_refutation,absence_not_refutation,Martin,generic_yesno,occur june 2029,after June 2029,premise_anchor:True:pass:shared anchor tokens: martin | slot_value_alignment:True:pass:same slot | temporal_compatibility:True:pass:temporal condition is compatible | explicit_refutation:False:absence_not_refutation:memory does not mention the premise value,no_counterevidence_in_raw_memories,没有,部分正确,过宽,不是反证,不该触发,合理,,Family background does not address the Senior Director promotion timing.,陆含,未复核,
22,74,1:30:4,Did Martin's promotion to Senior Director at Huaxin Consulting occur after June 2029?,omission,omission,False,11,"User's name is Martin Mark, male, born on August 2, 1996, currently 29 years old, and resides in Columbus.",absence_not_refutation,absence_not_refutation,Martin,generic_yesno,occur june 2029,after June 2029,premise_anchor:True:pass:shared anchor tokens: martin | slot_value_alignment:True:pass:same slot | temporal_compatibility:True:pass:temporal condition is compatible | explicit_refutation:False:absence_not_refutation:memory does not mention the premise value,no_counterevidence_in_raw_memories,没有,部分正确,过宽,不是反证,不该触发,合理,,Identity information does not address the Senior Director promotion timing.,陆含,未复核,
23,74,1:30:4,Did Martin's promotion to Senior Director at Huaxin Consulting occur after June 2029?,omission,omission,False,12,"Yoga remains a staple in Martin’s routine, complementing the more intense activities and supporting his mental clarity.",absence_not_refutation,absence_not_refutation,Martin,generic_yesno,occur june 2029,after June 2029,premise_anchor:True:pass:shared anchor tokens: martin | slot_value_alignment:True:pass:same slot | temporal_compatibility:True:pass:temporal condition is compatible | explicit_refutation:False:absence_not_refutation:memory does not mention the premise value,no_counterevidence_in_raw_memories,没有,部分正确,过宽,不是反证,不该触发,合理,,Yoga routine does not address the Senior Director promotion timing.,陆含,未复核,
24,75,1:30:5,Did Martin's mental health improve after his promotion in March 2029?,omission,omission,False,1,"Martin says the new role has noticeably improved his mental health, relieving the stress and pressure that his former job had imposed on him.",not_refuting,related_but_not_refuting,Martin,health_status,health,after his promotion in March 2029,premise_anchor:True:pass:same health/status domain | slot_value_alignment:True:pass:same health/status slot | temporal_compatibility:True:pass:health/status proposition has compatible trajectory semantics | explicit_refutation:False:not_refuting:health evidence does not contradict the premise,slot_mapping_error,没有,部分正确,正确,不是反证但有用,不该触发,合理,,"The memory supports mental-health improvement, so it is useful but not a refutation.",陆含,未复核,
25,75,1:30:5,Did Martin's mental health improve after his promotion in March 2029?,omission,omission,False,2,"Despite a challenging journey, Martin feels hopeful and optimistic about finding a role that supports both his career ambitions and personal health.",not_refuting,related_but_not_refuting,Martin,health_status,health,after his promotion in March 2029,premise_anchor:True:pass:same health/status domain | slot_value_alignment:True:pass:same health/status slot | temporal_compatibility:True:pass:health/status proposition has compatible trajectory semantics | explicit_refutation:False:not_refuting:health evidence does not contradict the premise,slot_mapping_error,没有,部分正确,正确,不是反证但有用,不该触发,合理,,The memory is related to career and health but does not refute improvement after promotion.,陆含,未复核,
26,75,1:30:5,Did Martin's mental health improve after his promotion in March 2029?,omission,omission,False,4,User reflected that his current role as director at Huaxin Consulting is negatively affecting his mental health and recognized the need for a career change.,not_refuting,related_but_not_refuting,Martin,health_status,health,after his promotion in March 2029,premise_anchor:True:pass:same health/status domain | slot_value_alignment:True:pass:same health/status slot | temporal_compatibility:True:pass:health/status proposition has compatible trajectory semantics | explicit_refutation:False:not_refuting:health evidence does not contradict the premise,slot_mapping_error,明确有,部分正确,正确,真反证,应该触发,不合理,明确反驳判断过严,"The memory says the current role negatively affects mental health, contradicting improvement.",陆含,未复核,
27,84,1:33:1,Did Martin Mark decide to exclude Sphynx cats from his pet preferences after visiting his colleague's home on 2030-02-26?,omission,omission,False,1,"User’s emerging preference for Golden Retrievers reflects his openness to new experiences and interactions, marking a shift from his previous focus on Labradors.",absence_not_refutation,absence_not_refutation,Martin Mark,generic_yesno,colleague' home 2030,decide to; after visiting his colleague's home on 2030-02-26; 2030-02-26,premise_anchor:True:pass:shared anchor tokens: mark | slot_value_alignment:True:pass:same slot | temporal_compatibility:True:pass:temporal condition is compatible | explicit_refutation:False:absence_not_refutation:memory does not mention the premise value,premise_extraction_error,没有,错误,过宽,不是反证但有用,不该触发,合理,,Golden Retriever preference is pet-related but does not address excluding Sphynx cats.,陆含,未复核,
28,84,1:33:1,Did Martin Mark decide to exclude Sphynx cats from his pet preferences after visiting his colleague's home on 2030-02-26?,omission,omission,False,2,"User's name is Martin Mark, male, born on August 2, 1996, currently 29 years old, and resides in Columbus.",absence_not_refutation,absence_not_refutation,Martin Mark,generic_yesno,colleague' home 2030,decide to; after visiting his colleague's home on 2030-02-26; 2030-02-26,"premise_anchor:True:pass:shared anchor tokens: mark, martin | slot_value_alignment:True:pass:same slot | temporal_compatibility:True:pass:temporal condition is compatible | explicit_refutation:False:absence_not_refutation:memory does not mention the premise value",premise_extraction_error,没有,错误,过宽,不是反证,不该触发,合理,,Identity information does not address excluding Sphynx cats.,陆含,未复核,
29,84,1:33:1,Did Martin Mark decide to exclude Sphynx cats from his pet preferences after visiting his colleague's home on 2030-02-26?,omission,omission,False,6,"User’s parents are both alive, have no spouse or partner, and have no children; his father, born August 2, 1963, is a retired doctor who inspired Martin’s interest in health, while his mother, also born August 2, 1963, is a nurse passionate about community health, and the family’s medical background deeply influences Martin’s passion for promoting well‑being.",absence_not_refutation,absence_not_refutation,Martin Mark,generic_yesno,colleague' home 2030,decide to; after visiting his colleague's home on 2030-02-26; 2030-02-26,premise_anchor:True:pass:shared anchor tokens: martin | slot_value_alignment:True:pass:same slot | temporal_compatibility:True:pass:temporal condition is compatible | explicit_refutation:False:absence_not_refutation:memory does not mention the premise value,premise_extraction_error,没有,错误,过宽,不是反证,不该触发,合理,,Family background does not address excluding Sphynx cats.,陆含,未复核,
30,87,1:32:3,"Did Martin Mark decide to switch to casual attire on Nov 23, 2029, to enhance professionalism?",omission,omission,False,2,"User's name is Martin Mark, male, born on August 2, 1996, currently 29 years old, and resides in Columbus.",absence_not_refutation,absence_not_refutation,Martin Mark,generic_yesno,2029 enhance professionalism,"decide to; on Nov 23; Nov 23, 2029","premise_anchor:True:pass:shared anchor tokens: mark, martin | slot_value_alignment:True:pass:same slot | temporal_compatibility:True:pass:temporal condition is compatible | explicit_refutation:False:absence_not_refutation:memory does not mention the premise value",premise_extraction_error,没有,错误,过宽,不是反证,不该触发,合理,,Identity information does not address switching to casual attire.,陆含,未复核,
31,87,1:32:3,"Did Martin Mark decide to switch to casual attire on Nov 23, 2029, to enhance professionalism?",omission,omission,False,3,"Martin transitioned to a new role, reporting huge relief and a much healthier balance between work and personal life, marking a significant improvement over his previous position.",absence_not_refutation,absence_not_refutation,Martin Mark,generic_yesno,2029 enhance professionalism,"decide to; on Nov 23; Nov 23, 2029","premise_anchor:True:pass:shared anchor tokens: mark, martin | slot_value_alignment:True:pass:same slot | temporal_compatibility:True:pass:temporal condition is compatible | explicit_refutation:False:absence_not_refutation:memory does not mention the premise value",premise_extraction_error,没有,错误,过宽,不是反证,不该触发,合理,,Job transition does not address switching to casual attire for professionalism.,陆含,未复核,
32,87,1:32:3,"Did Martin Mark decide to switch to casual attire on Nov 23, 2029, to enhance professionalism?",omission,omission,False,5,"Martin tried simulated skydiving during a team‑building event on April 10, 2026 and found the experience quite thrilling.",absence_not_refutation,absence_not_refutation,Martin Mark,generic_yesno,2029 enhance professionalism,"decide to; on Nov 23; Nov 23, 2029",premise_anchor:True:pass:shared anchor tokens: martin | slot_value_alignment:True:pass:same slot | temporal_compatibility:True:pass:temporal condition is compatible | explicit_refutation:False:absence_not_refutation:memory does not mention the premise value,premise_extraction_error,没有,错误,过宽,不是反证,不该触发,合理,,Simulated skydiving does not address switching to casual attire.,陆含,未复核,
33,91,1:34:2,"Did Martin Mark's perception of wrestling remain negative after attending a live event on May 31, 2030?",omission,omission,False,1,"Martin tried simulated skydiving during a team‑building event on April 10, 2026 and found the experience quite thrilling.",absence_not_refutation,absence_not_refutation,Martin Mark,generic_yesno,event may 2030,"after attending a live event on May 31; May 31, 2030",premise_anchor:True:pass:shared anchor tokens: martin | slot_value_alignment:True:pass:same slot | temporal_compatibility:True:pass:temporal condition is compatible | explicit_refutation:False:absence_not_refutation:memory does not mention the premise value,premise_extraction_error,没有,错误,过宽,不是反证,不该触发,合理,,Simulated skydiving does not address wrestling perception.,陆含,未复核,
34,91,1:34:2,"Did Martin Mark's perception of wrestling remain negative after attending a live event on May 31, 2030?",omission,omission,False,2,"User's name is Martin Mark, male, born on August 2, 1996, currently 29 years old, and resides in Columbus.",absence_not_refutation,absence_not_refutation,Martin Mark,generic_yesno,event may 2030,"after attending a live event on May 31; May 31, 2030","premise_anchor:True:pass:shared anchor tokens: mark, martin | slot_value_alignment:True:pass:same slot | temporal_compatibility:True:pass:temporal condition is compatible | explicit_refutation:False:absence_not_refutation:memory does not mention the premise value",premise_extraction_error,没有,错误,过宽,不是反证,不该触发,合理,,Identity information does not address wrestling perception.,陆含,未复核,
35,91,1:34:2,"Did Martin Mark's perception of wrestling remain negative after attending a live event on May 31, 2030?",omission,omission,False,3,"Yoga remains a staple in Martin’s routine, complementing the more intense activities and supporting his mental clarity.",absence_not_refutation,absence_not_refutation,Martin Mark,generic_yesno,event may 2030,"after attending a live event on May 31; May 31, 2030",premise_anchor:True:pass:shared anchor tokens: martin | slot_value_alignment:True:pass:same slot | temporal_compatibility:True:pass:temporal condition is compatible | explicit_refutation:False:absence_not_refutation:memory does not mention the premise value,premise_extraction_error,没有,错误,过宽,不是反证,不该触发,合理,,Yoga routine does not address wrestling perception.,陆含,未复核,
36,93,1:36:1,"Did Martin Mark abandon conservation-focused hikes after December 06, 2030?",omission,omission,False,1,"User's name is Martin Mark, male, born on August 2, 1996, currently 29 years old, and resides in Columbus.",absence_not_refutation,absence_not_refutation,Martin Mark,generic_yesno,hik december 2030,"after December 06; December 06, 2030","premise_anchor:True:pass:shared anchor tokens: mark, martin | slot_value_alignment:True:pass:same slot | temporal_compatibility:True:pass:temporal condition is compatible | explicit_refutation:False:absence_not_refutation:memory does not mention the premise value",explicit_refutation_gate_too_strict,没有,部分正确,过宽,不是反证,不该触发,合理,,Identity information does not address conservation-focused hikes.,陆含,未复核,
37,93,1:36:1,"Did Martin Mark abandon conservation-focused hikes after December 06, 2030?",omission,omission,False,2,"Martin tried simulated skydiving during a team‑building event on April 10, 2026 and found the experience quite thrilling.",absence_not_refutation,absence_not_refutation,Martin Mark,generic_yesno,hik december 2030,"after December 06; December 06, 2030",premise_anchor:True:pass:shared anchor tokens: martin | slot_value_alignment:True:pass:same slot | temporal_compatibility:True:pass:temporal condition is compatible | explicit_refutation:False:absence_not_refutation:memory does not mention the premise value,explicit_refutation_gate_too_strict,没有,部分正确,过宽,不是反证,不该触发,合理,,Simulated skydiving does not address conservation-focused hikes.,陆含,未复核,
38,93,1:36:1,"Did Martin Mark abandon conservation-focused hikes after December 06, 2030?",omission,omission,False,3,"User’s parents are both alive, have no spouse or partner, and have no children; his father, born August 2, 1963, is a retired doctor who inspired Martin’s interest in health, while his mother, also born August 2, 1963, is a nurse passionate about community health, and the family’s medical background deeply influences Martin’s passion for promoting well‑being.",absence_not_refutation,absence_not_refutation,Martin Mark,generic_yesno,hik december 2030,"after December 06; December 06, 2030",premise_anchor:True:pass:shared anchor tokens: martin | slot_value_alignment:True:pass:same slot | temporal_compatibility:True:pass:temporal condition is compatible | explicit_refutation:False:absence_not_refutation:memory does not mention the premise value,explicit_refutation_gate_too_strict,没有,部分正确,过宽,不是反证,不该触发,合理,,Family background does not address conservation-focused hikes.,陆含,未复核,
39,95,1:35:3,"Did Martin express skepticism about responsible gaming practices during his friend's recovery on Sep 04, 2030?",omission,omission,False,3,"Martin tried simulated skydiving during a team‑building event on April 10, 2026 and found the experience quite thrilling.",absence_not_refutation,absence_not_refutation,Martin,generic_yesno,recovery sep 2030,"on Sep 04; Sep 04, 2030",premise_anchor:True:pass:shared anchor tokens: martin | slot_value_alignment:True:pass:same slot | temporal_compatibility:True:pass:temporal condition is compatible | explicit_refutation:False:absence_not_refutation:memory does not mention the premise value,temporal_gate_too_strict,没有,错误,过宽,不是反证,不该触发,合理,,Simulated skydiving does not address responsible gaming skepticism.,陆含,未复核,
40,95,1:35:3,"Did Martin express skepticism about responsible gaming practices during his friend's recovery on Sep 04, 2030?",omission,omission,False,8,"User’s parents are both alive, have no spouse or partner, and have no children; his father, born August 2, 1963, is a retired doctor who inspired Martin’s interest in health, while his mother, also born August 2, 1963, is a nurse passionate about community health, and the family’s medical background deeply influences Martin’s passion for promoting well‑being.",absence_not_refutation,absence_not_refutation,Martin,generic_yesno,recovery sep 2030,"on Sep 04; Sep 04, 2030",premise_anchor:True:pass:shared anchor tokens: martin | slot_value_alignment:True:pass:same slot | temporal_compatibility:True:pass:temporal condition is compatible | explicit_refutation:False:absence_not_refutation:memory does not mention the premise value,temporal_gate_too_strict,没有,错误,过宽,不是反证,不该触发,合理,,Family background does not address responsible gaming skepticism.,陆含,未复核,
41,95,1:35:3,"Did Martin express skepticism about responsible gaming practices during his friend's recovery on Sep 04, 2030?",omission,omission,False,15,"Yoga remains a staple in Martin’s routine, complementing the more intense activities and supporting his mental clarity.",absence_not_refutation,absence_not_refutation,Martin,generic_yesno,recovery sep 2030,"on Sep 04; Sep 04, 2030",premise_anchor:True:pass:shared anchor tokens: martin | slot_value_alignment:True:pass:same slot | temporal_compatibility:True:pass:temporal condition is compatible | explicit_refutation:False:absence_not_refutation:memory does not mention the premise value,temporal_gate_too_strict,没有,错误,过宽,不是反证,不该触发,合理,,Yoga routine does not address responsible gaming skepticism.,陆含,未复核,
42,105,1:40:3,"Did Martin Mark find rock music therapeutic during stressful periods at work on Sep 16, 2031?",omission,omission,False,2,"Martin transitioned to a new role, reporting huge relief and a much healthier balance between work and personal life, marking a significant improvement over his previous position.",absence_not_refutation,absence_not_refutation,Martin Mark,generic_yesno,work sep 2031,"on Sep 16; Sep 16, 2031","premise_anchor:True:pass:shared anchor tokens: mark, martin, work | slot_value_alignment:True:pass:same slot | temporal_compatibility:True:pass:temporal condition is compatible | explicit_refutation:False:absence_not_refutation:memory does not mention the premise value",no_counterevidence_in_raw_memories,没有,错误,过宽,不是反证但有用,不该触发,合理,,Work relief is related to stress but does not address rock music being therapeutic.,陆含,未复核,
43,105,1:40:3,"Did Martin Mark find rock music therapeutic during stressful periods at work on Sep 16, 2031?",omission,omission,False,4,"Martin tried simulated skydiving during a team‑building event on April 10, 2026 and found the experience quite thrilling.",absence_not_refutation,absence_not_refutation,Martin Mark,generic_yesno,work sep 2031,"on Sep 16; Sep 16, 2031",premise_anchor:True:pass:shared anchor tokens: martin | slot_value_alignment:True:pass:same slot | temporal_compatibility:True:pass:temporal condition is compatible | explicit_refutation:False:absence_not_refutation:memory does not mention the premise value,no_counterevidence_in_raw_memories,没有,错误,过宽,不是反证,不该触发,合理,,Simulated skydiving does not address rock music.,陆含,未复核,
44,105,1:40:3,"Did Martin Mark find rock music therapeutic during stressful periods at work on Sep 16, 2031?",omission,omission,False,13,"User's name is Martin Mark, male, born on August 2, 1996, currently 29 years old, and resides in Columbus.",absence_not_refutation,absence_not_refutation,Martin Mark,generic_yesno,work sep 2031,"on Sep 16; Sep 16, 2031","premise_anchor:True:pass:shared anchor tokens: mark, martin | slot_value_alignment:True:pass:same slot | temporal_compatibility:True:pass:temporal condition is compatible | explicit_refutation:False:absence_not_refutation:memory does not mention the premise value",no_counterevidence_in_raw_memories,没有,错误,过宽,不是反证,不该触发,合理,,Identity information does not address rock music.,陆含,未复核,
45,114,1:44:3,"Did Martin experience a decrease in financial freedom after his salary increase on August 15, 2031?",omission,omission,False,2,"User’s parents are both alive, have no spouse or partner, and have no children; his father, born August 2, 1963, is a retired doctor who inspired Martin’s interest in health, while his mother, also born August 2, 1963, is a nurse passionate about community health, and the family’s medical background deeply influences Martin’s passion for promoting well‑being.",absence_not_refutation,absence_not_refutation,Martin,generic_yesno,increase august 2031,"after his salary increase on August 15; August 15, 2031","premise_anchor:True:pass:shared anchor tokens: august, martin | slot_value_alignment:True:pass:same slot | temporal_compatibility:True:pass:temporal condition is compatible | explicit_refutation:False:absence_not_refutation:memory does not mention the premise value",slot_mapping_error,没有,部分正确,过宽,不是反证,不该触发,合理,,Family background does not address financial freedom after salary increase.,陆含,未复核,
46,114,1:44:3,"Did Martin experience a decrease in financial freedom after his salary increase on August 15, 2031?",omission,omission,False,4,"Martin transitioned to a new role, reporting huge relief and a much healthier balance between work and personal life, marking a significant improvement over his previous position.",absence_not_refutation,absence_not_refutation,Martin,generic_yesno,increase august 2031,"after his salary increase on August 15; August 15, 2031",premise_anchor:True:pass:shared anchor tokens: martin | slot_value_alignment:True:pass:same slot | temporal_compatibility:True:pass:temporal condition is compatible | explicit_refutation:False:absence_not_refutation:memory does not mention the premise value,slot_mapping_error,没有,部分正确,过宽,不是反证,不该触发,合理,,Job transition does not address financial freedom after salary increase.,陆含,未复核,
47,114,1:44:3,"Did Martin experience a decrease in financial freedom after his salary increase on August 15, 2031?",omission,omission,False,11,"User's name is Martin Mark, male, born on August 2, 1996, currently 29 years old, and resides in Columbus.",absence_not_refutation,absence_not_refutation,Martin,generic_yesno,increase august 2031,"after his salary increase on August 15; August 15, 2031","premise_anchor:True:pass:shared anchor tokens: august, martin | slot_value_alignment:True:pass:same slot | temporal_compatibility:True:pass:temporal condition is compatible | explicit_refutation:False:absence_not_refutation:memory does not mention the premise value",slot_mapping_error,没有,部分正确,过宽,不是反证,不该触发,合理,,Identity information does not address financial freedom after salary increase.,陆含,未复核,
48,133,1:54:1,"Did Martin Mark express a preference for regular green tea after the tea expo on Jul 08, 2033?",omission,omission,False,1,"User likes herbal teas for their calming properties and health benefits supporting overall well‑being; he enjoys fresh smoothies as his favorite nutritious and energizing drink for his active lifestyle; he avoids sugary sodas because of their high sugar content and lack of nutritional value, which conflict with his health‑conscious approach; he also likes green tea for its antioxidant properties, subtle flavor, refreshing taste, and benefits.",not_refuting,related_but_not_refuting,Martin Mark,preference_status,regular green tea,"after the tea expo on Jul 08; Jul 08, 2033","premise_anchor:True:pass:shared anchor tokens: green, tea | slot_value_alignment:True:pass:same preference value | temporal_compatibility:True:pass:stable opposite preference can refute dated preference utterance | explicit_refutation:False:not_refuting:memory is compatible with the premise or only supports it",slot_mapping_error,没有,正确,正确,不是反证但有用,不该触发,合理,,"The memory supports liking green tea, so it is useful but not a refutation.",陆含,未复核,
49,135,1:55:1,"Did Martin Mark express disinterest in socially conscious rap music on October 11, 2033?",omission,omission,False,3,"User dislikes heavy metal as it feels too chaotic, preferring soothing and harmonious music; he likes classical music for relaxation and focus, creating a peaceful atmosphere; he enjoys jazz for its improvisational style that stimulates creativity; he avoids rap music because it often feels too aggressive, preferring genres that promote positivity; he likes ambient music for unwinding after a busy day, helping him relax and recharge.",not_refuting,related_but_not_refuting,Martin Mark,preference_status,socially conscious rap music,"on October 11; October 11, 2033",premise_anchor:True:pass:shared anchor tokens: rap | slot_value_alignment:True:pass:same preference value | temporal_compatibility:True:pass:stable opposite preference can refute dated preference utterance | explicit_refutation:False:not_refuting:memory is compatible with the premise or only supports it,slot_mapping_error,没有,正确,正确,不是反证但有用,不该触发,合理,,"The memory supports avoiding rap music generally, not a refutation of disinterest.",陆含,未复核,
50,147,1:59:1,"Did Martin Mark express a preference for traditional herbal teas over potent health beverages on Oct 24, 2034?",omission,omission,False,1,"User intends to share the new herbal tea blends with friends, using them to foster meaningful conversations about health and wellness.",not_refuting,related_but_not_refuting,Martin Mark,health_status,over potent health beverages,"on Oct 24; Oct 24, 2034",premise_anchor:True:pass:same health/status domain | slot_value_alignment:True:pass:same health/status slot | temporal_compatibility:True:pass:health/status proposition has compatible trajectory semantics | explicit_refutation:False:not_refuting:health evidence does not contradict the premise,slot_mapping_error,没有,部分正确,错误,不是反证但有用,不该触发,合理,,The memory mentions herbal tea blends but does not compare traditional teas with potent health beverages.,陆含,未复核,
51,147,1:59:1,"Did Martin Mark express a preference for traditional herbal teas over potent health beverages on Oct 24, 2034?",omission,omission,False,2,"User sees the herbal teas complementing his yoga practice by enhancing relaxation and focus, contributing to a holistic health approach.",not_refuting,related_but_not_refuting,Martin Mark,health_status,over potent health beverages,"on Oct 24; Oct 24, 2034",premise_anchor:True:pass:same health/status domain | slot_value_alignment:True:pass:same health/status slot | temporal_compatibility:True:pass:health/status proposition has compatible trajectory semantics | explicit_refutation:False:not_refuting:health evidence does not contradict the premise,slot_mapping_error,没有,部分正确,错误,不是反证但有用,不该触发,合理,,The memory mentions herbal teas supporting yoga but does not refute the preference comparison.,陆含,未复核,
52,147,1:59:1,"Did Martin Mark express a preference for traditional herbal teas over potent health beverages on Oct 24, 2034?",omission,omission,False,3,"User attended a wellness retreat session where herbal teas with additional health‑enhancing blends were introduced, learning how these blends can boost relaxation and provide health benefits.",not_refuting,related_but_not_refuting,Martin Mark,health_status,over potent health beverages,"on Oct 24; Oct 24, 2034",premise_anchor:True:pass:same health/status domain | slot_value_alignment:True:pass:same health/status slot | temporal_compatibility:True:pass:health/status proposition has compatible trajectory semantics | explicit_refutation:False:not_refuting:health evidence does not contradict the premise,slot_mapping_error,没有,部分正确,错误,不是反证但有用,不该触发,合理,,The wellness-retreat memory is related to herbal blends but does not state the opposite preference.,陆含,未复核,
53,150,1:60:3,"Did Martin Mark express a preference for ambient music over jazz on Jan 26, 2035?",omission,omission,False,2,"User dislikes heavy metal as it feels too chaotic, preferring soothing and harmonious music; he likes classical music for relaxation and focus, creating a peaceful atmosphere; he enjoys jazz for its improvisational style that stimulates creativity; he avoids rap music because it often feels too aggressive, preferring genres that promote positivity; he likes ambient music for unwinding after a busy day, helping him relax and recharge.",object_specificity_mismatch,slot_value_near_miss,Martin Mark,preference_status,ambient music over jazz,"on Jan 26; Jan 26, 2035",premise_anchor:True:pass:shared anchor tokens: ambient | slot_value_alignment:False:object_specificity_mismatch:preference object is too generic | temporal_compatibility:False:not_evaluated: | explicit_refutation:False:not_evaluated:,slot_mapping_error,没有,正确,正确,不是反证但有用,不该触发,合理,,"The memory likes both jazz and ambient music, so it does not refute preferring ambient over jazz.",陆含,未复核,
54,154,1:63:2,"Did Martin Mark decide to avoid stylish athletic wear after May 01, 2035?",omission,omission,False,1,"User attended a seminar on sustainable fashion around October 28, 2027, which opened his eyes to the environmental impact of traditional athletic wear.",slot_mismatch,slot_value_near_miss,Martin Mark,cessation,stylish athletic wear,"decide to; after May 01; May 01, 2035","premise_anchor:True:pass:shared anchor tokens: athletic, wear | slot_value_alignment:False:slot_mismatch:cessation object differs | temporal_compatibility:False:not_evaluated: | explicit_refutation:False:not_evaluated:",slot_mapping_error,没有,正确,正确,不是反证但有用,不该触发,合理,,"Traditional athletic wear is related, but the memory does not refute avoiding stylish athletic wear.",陆含,未复核,
55,154,1:63:2,"Did Martin Mark decide to avoid stylish athletic wear after May 01, 2035?",omission,omission,False,2,"User's name is Martin Mark, male, born on August 2, 1996, currently 29 years old, and resides in Columbus.",slot_mismatch,slot_value_near_miss,Martin Mark,cessation,stylish athletic wear,"decide to; after May 01; May 01, 2035","premise_anchor:True:pass:shared anchor tokens: mark, martin | slot_value_alignment:False:slot_mismatch:premise slot cessation vs memory slot generic_yesno | temporal_compatibility:False:not_evaluated: | explicit_refutation:False:not_evaluated:",slot_mapping_error,没有,正确,正确,不是反证,不该触发,合理,,Identity information does not address avoiding stylish athletic wear.,陆含,未复核,
56,154,1:63:2,"Did Martin Mark decide to avoid stylish athletic wear after May 01, 2035?",omission,omission,False,3,"User likes comfortable athletic wear for its comfort and flexibility, ideal for his active lifestyle; he prefers casual business attire as it balances professionalism with comfort at work; he chooses eco‑friendly fabrics because they align with his sustainability and environmental values; he dislikes formal wear as it feels restrictive, preferring clothing that allows easy movement and comfort.",slot_mismatch,slot_value_near_miss,Martin Mark,cessation,stylish athletic wear,"decide to; after May 01; May 01, 2035",premise_anchor:True:pass:shared anchor tokens: wear | slot_value_alignment:False:slot_mismatch:cessation object differs | temporal_compatibility:False:not_evaluated: | explicit_refutation:False:not_evaluated:,slot_mapping_error,没有,正确,正确,不是反证但有用,不该触发,合理,,"Comfortable athletic wear is related, but it does not refute avoiding stylish athletic wear.",陆含,未复核,
57,155,1:64:1,"Did Martin Mark express disinterest in integrating insights from a study on feline communication into his pet preferences on Aug 03, 2035?",omission,omission,False,2,"User’s emerging preference for Golden Retrievers reflects his openness to new experiences and interactions, marking a shift from his previous focus on Labradors.",slot_mismatch,slot_value_near_miss,Martin Mark,preference_status,integrating insights from a study,"on feline communication into his pet preferences on Aug 03; Aug 03, 2035",premise_anchor:True:pass:shared anchor tokens: mark | slot_value_alignment:False:slot_mismatch:premise slot preference_status vs memory slot generic_yesno | temporal_compatibility:False:not_evaluated: | explicit_refutation:False:not_evaluated:,slot_mapping_error,没有,部分正确,正确,不是反证但有用,不该触发,合理,,Golden Retriever preference is pet-related but not about feline communication insights.,陆含,未复核,
58,155,1:64:1,"Did Martin Mark express disinterest in integrating insights from a study on feline communication into his pet preferences on Aug 03, 2035?",omission,omission,False,3,"Martin finds that having pets, especially his Golden Retriever interactions, provides comfort and relaxation that supports his mental well‑being.",slot_mismatch,slot_value_near_miss,Martin Mark,preference_status,integrating insights from a study,"on feline communication into his pet preferences on Aug 03; Aug 03, 2035",premise_anchor:True:pass:shared anchor tokens: martin | slot_value_alignment:False:slot_mismatch:premise slot preference_status vs memory slot generic_yesno | temporal_compatibility:False:not_evaluated: | explicit_refutation:False:not_evaluated:,slot_mapping_error,没有,部分正确,正确,不是反证但有用,不该触发,合理,,Golden Retriever comfort is pet-related but not about feline communication insights.,陆含,未复核,
59,155,1:64:1,"Did Martin Mark express disinterest in integrating insights from a study on feline communication into his pet preferences on Aug 03, 2035?",omission,omission,False,4,"The insights Martin has gained from his network have been an enlightening experience, helping him identify what matters most in his career.",slot_mismatch,slot_value_near_miss,Martin Mark,preference_status,integrating insights from a study,"on feline communication into his pet preferences on Aug 03; Aug 03, 2035","premise_anchor:True:pass:shared anchor tokens: insight, insights, martin | slot_value_alignment:False:slot_mismatch:premise slot preference_status vs memory slot possession_or_relation | temporal_compatibility:False:not_evaluated: | explicit_refutation:False:not_evaluated:",slot_mapping_error,没有,部分正确,正确,不是反证,不该触发,合理,,Career-network insights do not address feline communication or pet preferences.,陆含,未复核,
60,161,1:65:2,Did Martin launch his Global Health Initiative in May 2035?,omission,omission,False,1,User aims to enhance his leadership skills and deepen his understanding of global health initiatives to better serve communities.,not_refuting,related_but_not_refuting,Martin,health_status,health,,premise_anchor:True:pass:same health/status domain | slot_value_alignment:True:pass:same health/status slot | temporal_compatibility:True:pass:health/status proposition has compatible trajectory semantics | explicit_refutation:False:not_refuting:health evidence does not contradict the premise,premise_extraction_error,没有,错误,错误,不是反证但有用,不该触发,合理,,"The memory concerns interest in global health initiatives, not launching the specific initiative.",陆含,未复核,
61,161,1:65:2,Did Martin launch his Global Health Initiative in May 2035?,omission,omission,False,3,User has considered partnering with local health initiatives that target underserved communities.,not_refuting,related_but_not_refuting,Martin,health_status,health,,premise_anchor:True:pass:same health/status domain | slot_value_alignment:True:pass:same health/status slot | temporal_compatibility:True:pass:health/status proposition has compatible trajectory semantics | explicit_refutation:False:not_refuting:health evidence does not contradict the premise,premise_extraction_error,没有,错误,错误,不是反证但有用,不该触发,合理,,Considering local health initiatives is related but does not refute launching the specific initiative.,陆含,未复核,
62,161,1:65:2,Did Martin launch his Global Health Initiative in May 2035?,omission,omission,False,6,"Despite a challenging journey, Martin feels hopeful and optimistic about finding a role that supports both his career ambitions and personal health.",not_refuting,related_but_not_refuting,Martin,health_status,health,,premise_anchor:True:pass:same health/status domain | slot_value_alignment:True:pass:same health/status slot | temporal_compatibility:True:pass:health/status proposition has compatible trajectory semantics | explicit_refutation:False:not_refuting:health evidence does not contradict the premise,premise_extraction_error,没有,错误,错误,不是反证,不该触发,合理,,Career and personal health optimism does not address launching a global health initiative.,陆含,未复核,
63,175,2:6:3,"Did Johnson Joseph's fear of snakes increase after attending the seminar on Apr 09, 2026?",omission,omission,False,5,"User's name is Johnson Joseph, male, born on May 11, 1997, currently 28 years old, and resides in Albi.",absence_not_refutation,absence_not_refutation,Johnson Joseph,generic_yesno,seminar apr 2026,"after attending the seminar on Apr 09; Apr 09, 2026","premise_anchor:True:pass:shared anchor tokens: johnson, joseph | slot_value_alignment:True:pass:same slot | temporal_compatibility:True:pass:temporal condition is compatible | explicit_refutation:False:absence_not_refutation:memory does not mention the premise value",no_counterevidence_in_raw_memories,没有,错误,过宽,不是反证,不该触发,合理,,Identity information does not address fear of snakes increasing.,陆含,未复核,
64,176,2:9:2,"Did Johnson Joseph's Albi B&B host over 10,000 guests by Jun 21, 2026?",omission,omission,False,1,"User's name is Johnson Joseph, male, born on May 11, 1997, currently 28 years old, and resides in Albi.",absence_not_refutation,absence_not_refutation,Johnson Joseph,generic_yesno,guest jun 2026,"Jun 21, 2026","premise_anchor:True:pass:shared anchor tokens: johnson, joseph | slot_value_alignment:True:pass:same slot | temporal_compatibility:True:pass:temporal condition is compatible | explicit_refutation:False:absence_not_refutation:memory does not mention the premise value",premise_extraction_error,没有,部分正确,过宽,不是反证,不该触发,合理,,Identity information does not address B&B guest count.,陆含,未复核,
65,176,2:9:2,"Did Johnson Joseph's Albi B&B host over 10,000 guests by Jun 21, 2026?",omission,omission,False,3,"User is self‑employed in the hospitality industry, owning Albi B&B and managing all aspects of the business from guest relations to daily operations.",temporal_mismatch,temporal_near_miss,Johnson Joseph,generic_yesno,guest jun 2026,"Jun 21, 2026",premise_anchor:True:pass:shared anchor tokens: guest | slot_value_alignment:True:pass:same slot | temporal_compatibility:False:temporal_mismatch:premise has strong time condition but memory is undated | explicit_refutation:False:not_evaluated:,premise_extraction_error,没有,部分正确,过宽,不是反证但有用,不该触发,合理,,"Owning the B&B is relevant but does not state hosting over 10,000 guests by the date.",陆含,未复核,
66,176,2:9:2,"Did Johnson Joseph's Albi B&B host over 10,000 guests by Jun 21, 2026?",omission,omission,False,10,"User's primary life goal is to become a leading figure in the hospitality industry by transforming his bed and breakfast into a world‑renowned destination, hosting over 10,000 guests annually, earning international hospitality awards, and expanding the business to multiple locations.",temporal_mismatch,temporal_near_miss,Johnson Joseph,generic_yesno,guest jun 2026,"Jun 21, 2026",premise_anchor:True:pass:shared anchor tokens: guest | slot_value_alignment:True:pass:same slot | temporal_compatibility:False:temporal_mismatch:premise has strong time condition but memory is undated | explicit_refutation:False:not_evaluated:,premise_extraction_error,没有,部分正确,过宽,不是反证但有用,不该触发,合理,,"A goal to host over 10,000 guests annually is not evidence the B&B had done so by the date.",陆含,未复核,
67,187,2:10:2,"Did Johnson Joseph continue to dislike golf after his outing on Oct 14, 2026?",omission,omission,False,5,"User enjoys cycling to explore the countryside around Albi and stay fit, likes hiking for mental clarity and natural beauty, and avoids golf because it is too slow‑paced and does not keep him moving.",not_refuting,related_but_not_refuting,Johnson Joseph,preference_status,golf,"after his outing on Oct 14; Oct 14, 2026",premise_anchor:True:pass:shared anchor tokens: golf | slot_value_alignment:True:pass:same preference value | temporal_compatibility:True:pass:stable opposite preference can refute dated preference utterance | explicit_refutation:False:not_refuting:memory is compatible with the premise or only supports it,explicit_refutation_gate_too_strict,没有,正确,正确,不是反证但有用,不该触发,合理,,"The memory supports disliking golf, so it is useful but not a refutation.",陆含,未复核,
68,199,2:17:1,Did Johnson Joseph decide to avoid fantasy novels after attending the literary festival on 2028-04-28?,omission,omission,False,2,"User reads travel guides to discover new ideas for enhancing the B&B experience, enjoys biographies for inspiration from successful individuals, and avoids fantasy novels because they feel disconnected from reality and less relatable.",temporal_mismatch,temporal_near_miss,Johnson Joseph,cessation,fantasy novels,decide to; after attending the literary festival on 2028-04-28; 2028-04-28,"premise_anchor:True:pass:shared anchor tokens: fantasy, novel, novels | slot_value_alignment:True:pass:same stopped/abandoned object value | temporal_compatibility:False:temporal_mismatch:decision/cessation premise needs update or current cue | explicit_refutation:False:not_evaluated:",temporal_gate_too_strict,没有,正确,正确,不是反证但有用,不该触发,合理,,"The memory supports avoiding fantasy novels, so it is useful but not a refutation.",陆含,未复核,
69,10,1:5:1,"Did Martin express a preference for Labradors over Golden Retrievers on Jan 06, 2026?",hallucination,hallucination,False,1,"User prefers dogs, especially Labradors, because they are friendly, loyal, and serve as great companions for outdoor activities like jogging, which helps him stay fit; he dislikes reptiles such as snakes due to their unsettling unpredictable movements and lack of social behavior; he likes cats for their independence, affection, and soothing purring after a long workday; he also likes parrots for their intelligence and ability to mimic speech, making interactions fun and engaging.",not_refuting,related_but_not_refuting,Martin,preference_status,Labradors over Golden Retrievers,"on Jan 06; Jan 06, 2026","premise_anchor:True:pass:shared anchor tokens: labrador, labradors | slot_value_alignment:True:pass:same preference value | temporal_compatibility:True:pass:stable opposite preference can refute dated preference utterance | explicit_refutation:False:not_refuting:preference-over evidence lacks exact opposing object",explicit_refutation_gate_too_strict,没有,正确,正确,不是反证但有用,不该触发,合理,,The memory supports liking Labradors but does not refute the Labradors-over-Golden-Retrievers premise.,陆含,未复核,
70,66,1:26:2,"Did Martin express a dislike for horror films on February 13, 2029?",hallucination,hallucination,False,1,"User likes documentaries because they are informative and provide real‑world insights that complement his thirst for knowledge; he avoids horror films as they can be disturbing and undermine the positive mindset he strives to maintain; he also dislikes slasher films due to excessive violence, preferring movies with meaningful narratives.",not_refuting,related_but_not_refuting,Martin,preference_status,horror films,"on February 13; February 13, 2029",premise_anchor:True:pass:shared anchor tokens: horror | slot_value_alignment:True:pass:same preference value | temporal_compatibility:True:pass:stable opposite preference can refute dated preference utterance | explicit_refutation:False:not_refuting:memory is compatible with the premise or only supports it,slot_mapping_error,没有,正确,正确,不是反证但有用,不该触发,合理,,"The memory supports disliking horror films, so it is useful but not a refutation.",陆含,未复核,
71,76,1:30:6,Did Martin Mark express optimism about his future role as Senior Director before June 2029?,hallucination,hallucination,False,20,"User is employed as a director at Huaxin Consulting in the healthcare industry, earning a monthly income of 15,700 USD and holding 43,700 USD in savings as of September 5, 2025",not_refuting,related_but_not_refuting,Martin Mark,employment_status,Senior Director,before June 2029,premise_anchor:True:pass:shared anchor tokens: director | slot_value_alignment:True:pass:same slot | temporal_compatibility:True:pass:temporal condition is compatible | explicit_refutation:False:not_refuting:employment evidence does not contradict the premise,slot_mapping_error,没有,错误,错误,不是反证但有用,不该触发,合理,,Employment status is related to Senior Director but does not address optimism about the future role.,陆含,未复核,
72,116,1:44:4,"Did Martin's lifestyle changes after his salary increase lead to decreased job satisfaction by December 1, 2031?",hallucination,hallucination,False,10,"User’s parents are both alive, have no spouse or partner, and have no children; his father, born August 2, 1963, is a retired doctor who inspired Martin’s interest in health, while his mother, also born August 2, 1963, is a nurse passionate about community health, and the family’s medical background deeply influences Martin’s passion for promoting well‑being.",absence_not_refutation,absence_not_refutation,Martin,generic_yesno,satisfaction december 2031,"after his salary increase lead to decreased job satisfaction by December 1; December 1, 2031",premise_anchor:True:pass:shared anchor tokens: martin | slot_value_alignment:True:pass:same slot | temporal_compatibility:True:pass:temporal condition is compatible | explicit_refutation:False:absence_not_refutation:memory does not mention the premise value,premise_extraction_error,没有,部分正确,过宽,不是反证,不该触发,合理,,Family background does not address job satisfaction after salary-related lifestyle changes.,陆含,未复核,
73,116,1:44:4,"Did Martin's lifestyle changes after his salary increase lead to decreased job satisfaction by December 1, 2031?",hallucination,hallucination,False,11,"Martin transitioned to a new role, reporting huge relief and a much healthier balance between work and personal life, marking a significant improvement over his previous position.",absence_not_refutation,absence_not_refutation,Martin,generic_yesno,satisfaction december 2031,"after his salary increase lead to decreased job satisfaction by December 1; December 1, 2031",premise_anchor:True:pass:shared anchor tokens: martin | slot_value_alignment:True:pass:same slot | temporal_compatibility:True:pass:temporal condition is compatible | explicit_refutation:False:absence_not_refutation:memory does not mention the premise value,premise_extraction_error,不确定,部分正确,过宽,模糊反证,不确定,部分合理,人工无法判断,"New-role improvement may oppose decreased job satisfaction, but it does not directly address the salary/lifestyle cause.",陆含,未复核,
74,116,1:44:4,"Did Martin's lifestyle changes after his salary increase lead to decreased job satisfaction by December 1, 2031?",hallucination,hallucination,False,15,"Yoga remains a staple in Martin’s routine, complementing the more intense activities and supporting his mental clarity.",absence_not_refutation,absence_not_refutation,Martin,generic_yesno,satisfaction december 2031,"after his salary increase lead to decreased job satisfaction by December 1; December 1, 2031",premise_anchor:True:pass:shared anchor tokens: martin | slot_value_alignment:True:pass:same slot | temporal_compatibility:True:pass:temporal condition is compatible | explicit_refutation:False:absence_not_refutation:memory does not mention the premise value,premise_extraction_error,没有,部分正确,过宽,不是反证,不该触发,合理,,Yoga routine does not address job satisfaction after salary-related lifestyle changes.,陆含,未复核,
75,174,2:9:1,"Did Johnson Joseph's monthly income increase from 3500 yuan to 4500 yuan after his promotion on Dec 21, 2025?",hallucination,hallucination,False,2,"User's name is Johnson Joseph, male, born on May 11, 1997, currently 28 years old, and resides in Albi.",absence_not_refutation,absence_not_refutation,Johnson Joseph,generic_yesno,promotion dec 2025,"after his promotion on Dec 21; Dec 21, 2025","premise_anchor:True:pass:shared anchor tokens: johnson, joseph | slot_value_alignment:True:pass:same slot | temporal_compatibility:True:pass:temporal condition is compatible | explicit_refutation:False:absence_not_refutation:memory does not mention the premise value",no_counterevidence_in_raw_memories,没有,错误,过宽,不是反证,不该触发,合理,,Identity information does not address income increase after promotion.,陆含,未复核,
76,188,2:15:1,Did Johnson Joseph lose interest in strategy-based games after his layoff in August 2027?,hallucination,hallucination,False,1,"User likes puzzle games for mental challenge and relaxation during downtime at the B&B, enjoys board games to interact with guests and create a friendly atmosphere, and avoids first‑person shooters because they are too intense and lack strategic calmness.",premise_anchor_mismatch,no_candidate_overlap,Johnson Joseph,preference_status,strategy-based games,after his layoff in August 2027,premise_anchor:False:premise_anchor_mismatch:no shared core entity/object/activity | slot_value_alignment:False:not_evaluated: | temporal_compatibility:False:not_evaluated: | explicit_refutation:False:not_evaluated:,no_counterevidence_in_raw_memories,不确定,正确,正确,模糊反证,不确定,部分合理,人工无法判断,"Puzzle and board game interest may overlap with strategy-based games, but strategy-based games are not explicit.",陆含,未复核,
77,188,2:15:1,Did Johnson Joseph lose interest in strategy-based games after his layoff in August 2027?,hallucination,hallucination,False,2,"User's partner was born on May 11, 1995, shares a passion for travel and tourism, and supports Johnson's business endeavors.",premise_anchor_mismatch,no_candidate_overlap,Johnson Joseph,preference_status,strategy-based games,after his layoff in August 2027,premise_anchor:False:premise_anchor_mismatch:no shared core entity/object/activity | slot_value_alignment:False:not_evaluated: | temporal_compatibility:False:not_evaluated: | explicit_refutation:False:not_evaluated:,no_counterevidence_in_raw_memories,没有,正确,正确,不是反证,不该触发,合理,,Partner information does not address interest in strategy-based games.,陆含,未复核,
78,188,2:15:1,Did Johnson Joseph lose interest in strategy-based games after his layoff in August 2027?,hallucination,hallucination,False,4,"User's name is Johnson Joseph, male, born on May 11, 1997, currently 28 years old, and resides in Albi.",slot_mismatch,slot_value_near_miss,Johnson Joseph,preference_status,strategy-based games,after his layoff in August 2027,"premise_anchor:True:pass:shared anchor tokens: johnson, joseph | slot_value_alignment:False:slot_mismatch:premise slot preference_status vs memory slot generic_yesno | temporal_compatibility:False:not_evaluated: | explicit_refutation:False:not_evaluated:",no_counterevidence_in_raw_memories,没有,正确,正确,不是反证,不该触发,合理,,Identity information does not address interest in strategy-based games.,陆含,未复核,
79,0,1:1:3,Did Martin Mark establish a global health initiative with his partner in 2025?,correct,correct,False,8,User holds a Bachelor’s degree with a major in Public Health.,not_refuting,related_but_not_refuting,Martin Mark,health_status,health,,premise_anchor:True:pass:same health/status domain | slot_value_alignment:True:pass:same health/status slot | temporal_compatibility:True:pass:health/status proposition has compatible trajectory semantics | explicit_refutation:False:not_refuting:health evidence does not contradict the premise,premise_extraction_error,没有,错误,错误,不是反证但有用,不该触发,合理,,Public Health education is related but does not address establishing the initiative with a partner.,陆含,未复核,
80,0,1:1:3,Did Martin Mark establish a global health initiative with his partner in 2025?,correct,correct,False,12,"User likes wellness retreats for relaxation and activities that promote physical and mental health, aligning with his lifestyle; he avoids crowded tourist spots because they can be overwhelming and stressful; he enjoys nature hikes to connect with the environment and experience tranquility as an escape from his busy work life; he likes cultural tours for insights into different lifestyles and traditions, and spa vacations for unwinding and rejuvenation to maintain life balance.",not_refuting,related_but_not_refuting,Martin Mark,health_status,health,,premise_anchor:True:pass:same health/status domain | slot_value_alignment:True:pass:same health/status slot | temporal_compatibility:True:pass:health/status proposition has compatible trajectory semantics | explicit_refutation:False:not_refuting:health evidence does not contradict the premise,premise_extraction_error,没有,错误,错误,不是反证但有用,不该触发,合理,,Wellness travel preferences are health-related but do not address establishing the initiative.,陆含,未复核,
81,0,1:1:3,Did Martin Mark establish a global health initiative with his partner in 2025?,correct,correct,False,13,"User dislikes violent video games because they promote aggression, which opposes his values of peace and well‑being; he likes puzzle games as they challenge his mind and improve problem‑solving skills crucial to his profession; he also avoids gambling games due to their potential for addiction and financial stress, which are detrimental to mental health.",not_refuting,related_but_not_refuting,Martin Mark,health_status,health,,premise_anchor:True:pass:same health/status domain | slot_value_alignment:True:pass:same health/status slot | temporal_compatibility:True:pass:health/status proposition has compatible trajectory semantics | explicit_refutation:False:not_refuting:health evidence does not contradict the premise,premise_extraction_error,没有,错误,错误,不是反证,不该触发,合理,,Video-game preferences do not address establishing a global health initiative.,陆含,未复核,
82,1,1:2:1,"Did Martin Mark work as a nurse at Huaxin Consulting on Sep 06, 2025?",correct,correct,False,2,"User's name is Martin Mark, male, born on August 2, 1996, currently 29 years old, and resides in Columbus.",absence_not_refutation,absence_not_refutation,Martin Mark,generic_yesno,consult sep 2025,"on Sep 06; Sep 06, 2025","premise_anchor:True:pass:shared anchor tokens: mark, martin | slot_value_alignment:True:pass:same slot | temporal_compatibility:True:pass:temporal condition is compatible | explicit_refutation:False:absence_not_refutation:memory does not mention the premise value",temporal_gate_too_strict,没有,部分正确,过宽,不是反证,不该触发,合理,,Identity information does not address working as a nurse at Huaxin Consulting.,陆含,未复核,
83,1,1:2:1,"Did Martin Mark work as a nurse at Huaxin Consulting on Sep 06, 2025?",correct,correct,False,3,"User’s parents are both alive, have no spouse or partner, and have no children; his father, born August 2, 1963, is a retired doctor who inspired Martin’s interest in health, while his mother, also born August 2, 1963, is a nurse passionate about community health, and the family’s medical background deeply influences Martin’s passion for promoting well‑being.",absence_not_refutation,absence_not_refutation,Martin Mark,generic_yesno,consult sep 2025,"on Sep 06; Sep 06, 2025",premise_anchor:True:pass:shared anchor tokens: martin | slot_value_alignment:True:pass:same slot | temporal_compatibility:True:pass:temporal condition is compatible | explicit_refutation:False:absence_not_refutation:memory does not mention the premise value,temporal_gate_too_strict,没有,部分正确,过宽,不是反证,不该触发,合理,,"The nurse is Martin's mother, not Martin, so the memory does not refute the premise.",陆含,未复核,
84,1,1:2:1,"Did Martin Mark work as a nurse at Huaxin Consulting on Sep 06, 2025?",correct,correct,False,4,"User works with a colleague named Daniel Martinez, whose expertise in healthcare consulting challenges him to push boundaries and innovate, significantly impacting his career growth",temporal_mismatch,temporal_near_miss,Martin Mark,generic_yesno,consult sep 2025,"on Sep 06; Sep 06, 2025",premise_anchor:True:pass:shared anchor tokens: consult | slot_value_alignment:True:pass:same slot | temporal_compatibility:False:temporal_mismatch:premise has strong time condition but memory is undated | explicit_refutation:False:not_evaluated:,temporal_gate_too_strict,没有,部分正确,过宽,不是反证但有用,不该触发,合理,,Healthcare consulting is related but does not state Martin worked as a nurse.,陆含,未复核,
85,5,1:2:2,"Is Martin Mark unemployed and struggling financially as of Sep 06, 2025?",correct,correct,False,1,"User's name is Martin Mark, male, born on August 2, 1996, currently 29 years old, and resides in Columbus.",absence_not_refutation,absence_not_refutation,Martin Mark,generic_yesno,financially sep 2025,"Sep 06, 2025","premise_anchor:True:pass:shared anchor tokens: mark, martin | slot_value_alignment:True:pass:same slot | temporal_compatibility:True:pass:temporal condition is compatible | explicit_refutation:False:absence_not_refutation:memory does not mention the premise value",no_counterevidence_in_raw_memories,没有,错误,过宽,不是反证,不该触发,合理,,Identity information does not address unemployment or financial struggle.,陆含,未复核,
86,5,1:2:2,"Is Martin Mark unemployed and struggling financially as of Sep 06, 2025?",correct,correct,False,2,"User’s parents are both alive, have no spouse or partner, and have no children; his father, born August 2, 1963, is a retired doctor who inspired Martin’s interest in health, while his mother, also born August 2, 1963, is a nurse passionate about community health, and the family’s medical background deeply influences Martin’s passion for promoting well‑being.",absence_not_refutation,absence_not_refutation,Martin Mark,generic_yesno,financially sep 2025,"Sep 06, 2025",premise_anchor:True:pass:shared anchor tokens: martin | slot_value_alignment:True:pass:same slot | temporal_compatibility:True:pass:temporal condition is compatible | explicit_refutation:False:absence_not_refutation:memory does not mention the premise value,no_counterevidence_in_raw_memories,没有,错误,过宽,不是反证,不该触发,合理,,Family background does not address unemployment or financial struggle.,陆含,未复核,
87,11,1:3:2,"Did Martin Mark mention a preference for reptiles as pets on Sep 07, 2025?",correct,correct,False,1,"User's name is Martin Mark, male, born on August 2, 1996, currently 29 years old, and resides in Columbus.",absence_not_refutation,absence_not_refutation,Martin Mark,generic_yesno,pet sep 2025,"on Sep 07; Sep 07, 2025","premise_anchor:True:pass:shared anchor tokens: mark, martin | slot_value_alignment:True:pass:same slot | temporal_compatibility:True:pass:temporal condition is compatible | explicit_refutation:False:absence_not_refutation:memory does not mention the premise value",premise_extraction_error,没有,部分正确,过宽,不是反证,不该触发,合理,,Identity information does not address reptile pet preference.,陆含,未复核,
88,11,1:3:2,"Did Martin Mark mention a preference for reptiles as pets on Sep 07, 2025?",correct,correct,False,2,"User’s parents are both alive, have no spouse or partner, and have no children; his father, born August 2, 1963, is a retired doctor who inspired Martin’s interest in health, while his mother, also born August 2, 1963, is a nurse passionate about community health, and the family’s medical background deeply influences Martin’s passion for promoting well‑being.",absence_not_refutation,absence_not_refutation,Martin Mark,generic_yesno,pet sep 2025,"on Sep 07; Sep 07, 2025",premise_anchor:True:pass:shared anchor tokens: martin | slot_value_alignment:True:pass:same slot | temporal_compatibility:True:pass:temporal condition is compatible | explicit_refutation:False:absence_not_refutation:memory does not mention the premise value,premise_extraction_error,没有,部分正确,过宽,不是反证,不该触发,合理,,Family background does not address reptile pet preference.,陆含,未复核,
89,42,1:18:2,"Did Martin express a newfound interest in snakes after his visit to the reptile sanctuary on Feb 01, 2028?",correct,correct,False,1,"User’s parents are both alive, have no spouse or partner, and have no children; his father, born August 2, 1963, is a retired doctor who inspired Martin’s interest in health, while his mother, also born August 2, 1963, is a nurse passionate about community health, and the family’s medical background deeply influences Martin’s passion for promoting well‑being.",absence_not_refutation,absence_not_refutation,Martin,generic_yesno,sanctuary feb 2028,"after his visit to the reptile sanctuary on Feb 01; Feb 01, 2028",premise_anchor:True:pass:shared anchor tokens: martin | slot_value_alignment:True:pass:same slot | temporal_compatibility:True:pass:temporal condition is compatible | explicit_refutation:False:absence_not_refutation:memory does not mention the premise value,no_counterevidence_in_raw_memories,没有,错误,过宽,不是反证,不该触发,合理,,Family background does not address newfound interest in snakes.,陆含,未复核,
90,42,1:18:2,"Did Martin express a newfound interest in snakes after his visit to the reptile sanctuary on Feb 01, 2028?",correct,correct,False,8,"User's name is Martin Mark, male, born on August 2, 1996, currently 29 years old, and resides in Columbus.",absence_not_refutation,absence_not_refutation,Martin,generic_yesno,sanctuary feb 2028,"after his visit to the reptile sanctuary on Feb 01; Feb 01, 2028",premise_anchor:True:pass:shared anchor tokens: martin | slot_value_alignment:True:pass:same slot | temporal_compatibility:True:pass:temporal condition is compatible | explicit_refutation:False:absence_not_refutation:memory does not mention the premise value,no_counterevidence_in_raw_memories,没有,错误,过宽,不是反证,不该触发,合理,,Identity information does not address newfound interest in snakes.,陆含,未复核,
91,46,1:22:1,"Did Martin retire early from Huaxin Consulting on March 10, 2028?",correct,correct,False,6,"User’s parents are both alive, have no spouse or partner, and have no children; his father, born August 2, 1963, is a retired doctor who inspired Martin’s interest in health, while his mother, also born August 2, 1963, is a nurse passionate about community health, and the family’s medical background deeply influences Martin’s passion for promoting well‑being.",absence_not_refutation,absence_not_refutation,Martin,generic_yesno,consult march 2028,"on March 10; March 10, 2028",premise_anchor:True:pass:shared anchor tokens: martin | slot_value_alignment:True:pass:same slot | temporal_compatibility:True:pass:temporal condition is compatible | explicit_refutation:False:absence_not_refutation:memory does not mention the premise value,premise_extraction_error,没有,部分正确,过宽,不是反证,不该触发,合理,,Family background does not address retiring early from Huaxin Consulting.,陆含,未复核,
92,46,1:22:1,"Did Martin retire early from Huaxin Consulting on March 10, 2028?",correct,correct,False,7,"User's name is Martin Mark, male, born on August 2, 1996, currently 29 years old, and resides in Columbus.",absence_not_refutation,absence_not_refutation,Martin,generic_yesno,consult march 2028,"on March 10; March 10, 2028",premise_anchor:True:pass:shared anchor tokens: martin | slot_value_alignment:True:pass:same slot | temporal_compatibility:True:pass:temporal condition is compatible | explicit_refutation:False:absence_not_refutation:memory does not mention the premise value,premise_extraction_error,没有,部分正确,过宽,不是反证,不该触发,合理,,Identity information does not address retiring early from Huaxin Consulting.,陆含,未复核,
93,46,1:22:1,"Did Martin retire early from Huaxin Consulting on March 10, 2028?",correct,correct,False,11,"Martin transitioned to a new role, reporting huge relief and a much healthier balance between work and personal life, marking a significant improvement over his previous position.",absence_not_refutation,absence_not_refutation,Martin,generic_yesno,consult march 2028,"on March 10; March 10, 2028",premise_anchor:True:pass:shared anchor tokens: martin | slot_value_alignment:True:pass:same slot | temporal_compatibility:True:pass:temporal condition is compatible | explicit_refutation:False:absence_not_refutation:memory does not mention the premise value,premise_extraction_error,明确有,部分正确,过宽,真反证,应该触发,不合理,问题前提抽取错误,Transitioning to a new role contradicts retiring early; the extraction missed the retirement premise.,陆含,未复核,
94,48,1:22:3,"Did Martin officially begin his retirement on June 1, 2028?",correct,correct,False,1,"User's name is Martin Mark, male, born on August 2, 1996, currently 29 years old, and resides in Columbus.",absence_not_refutation,absence_not_refutation,Martin,generic_yesno,retirement june 2028,"on June 1; June 1, 2028",premise_anchor:True:pass:shared anchor tokens: martin | slot_value_alignment:True:pass:same slot | temporal_compatibility:True:pass:temporal condition is compatible | explicit_refutation:False:absence_not_refutation:memory does not mention the premise value,premise_extraction_error,没有,部分正确,过宽,不是反证,不该触发,合理,,Identity information does not address beginning retirement.,陆含,未复核,
95,48,1:22:3,"Did Martin officially begin his retirement on June 1, 2028?",correct,correct,False,2,"User’s parents are both alive, have no spouse or partner, and have no children; his father, born August 2, 1963, is a retired doctor who inspired Martin’s interest in health, while his mother, also born August 2, 1963, is a nurse passionate about community health, and the family’s medical background deeply influences Martin’s passion for promoting well‑being.",absence_not_refutation,absence_not_refutation,Martin,generic_yesno,retirement june 2028,"on June 1; June 1, 2028",premise_anchor:True:pass:shared anchor tokens: martin | slot_value_alignment:True:pass:same slot | temporal_compatibility:True:pass:temporal condition is compatible | explicit_refutation:False:absence_not_refutation:memory does not mention the premise value,premise_extraction_error,没有,部分正确,过宽,不是反证,不该触发,合理,,Family background does not address beginning retirement.,陆含,未复核,
96,48,1:22:3,"Did Martin officially begin his retirement on June 1, 2028?",correct,correct,False,6,"Martin transitioned to a new role, reporting huge relief and a much healthier balance between work and personal life, marking a significant improvement over his previous position.",absence_not_refutation,absence_not_refutation,Martin,generic_yesno,retirement june 2028,"on June 1; June 1, 2028",premise_anchor:True:pass:shared anchor tokens: martin | slot_value_alignment:True:pass:same slot | temporal_compatibility:True:pass:temporal condition is compatible | explicit_refutation:False:absence_not_refutation:memory does not mention the premise value,premise_extraction_error,明确有,部分正确,过宽,真反证,应该触发,不合理,明确反驳判断过严,Transitioning to a new role contradicts officially beginning retirement.,陆含,未复核,
97,122,1:48:1,Did Martin decide to exclude cultural tours from his travel preferences as of 2032-12-31?,correct,correct,False,7,"Martin tried simulated skydiving during a team‑building event on April 10, 2026 and found the experience quite thrilling.",absence_not_refutation,absence_not_refutation,Martin,generic_yesno,preferences preferenc 2032,decide to; 2032-12-31,premise_anchor:True:pass:shared anchor tokens: martin | slot_value_alignment:True:pass:same slot | temporal_compatibility:True:pass:temporal condition is compatible | explicit_refutation:False:absence_not_refutation:memory does not mention the premise value,premise_extraction_error,没有,错误,过宽,不是反证,不该触发,合理,,Simulated skydiving does not address excluding cultural tours.,陆含,未复核,
98,122,1:48:1,Did Martin decide to exclude cultural tours from his travel preferences as of 2032-12-31?,correct,correct,False,9,"User’s parents are both alive, have no spouse or partner, and have no children; his father, born August 2, 1963, is a retired doctor who inspired Martin’s interest in health, while his mother, also born August 2, 1963, is a nurse passionate about community health, and the family’s medical background deeply influences Martin’s passion for promoting well‑being.",absence_not_refutation,absence_not_refutation,Martin,generic_yesno,preferences preferenc 2032,decide to; 2032-12-31,premise_anchor:True:pass:shared anchor tokens: martin | slot_value_alignment:True:pass:same slot | temporal_compatibility:True:pass:temporal condition is compatible | explicit_refutation:False:absence_not_refutation:memory does not mention the premise value,premise_extraction_error,没有,错误,过宽,不是反证,不该触发,合理,,Family background does not address excluding cultural tours.,陆含,未复核,
99,122,1:48:1,Did Martin decide to exclude cultural tours from his travel preferences as of 2032-12-31?,correct,correct,False,13,"Yoga remains a staple in Martin’s routine, complementing the more intense activities and supporting his mental clarity.",absence_not_refutation,absence_not_refutation,Martin,generic_yesno,preferences preferenc 2032,decide to; 2032-12-31,premise_anchor:True:pass:shared anchor tokens: martin | slot_value_alignment:True:pass:same slot | temporal_compatibility:True:pass:temporal condition is compatible | explicit_refutation:False:absence_not_refutation:memory does not mention the premise value,premise_extraction_error,没有,错误,过宽,不是反证,不该触发,合理,,Yoga routine does not address excluding cultural tours.,陆含,未复核,
100,140,1:56:3,"Did Martin Mark express skepticism about the impact of sustainable clothing on his lifestyle and the environment on January 13, 2034?",correct,correct,False,6,"User's name is Martin Mark, male, born on August 2, 1996, currently 29 years old, and resides in Columbus.",absence_not_refutation,absence_not_refutation,Martin Mark,generic_yesno,environment january 2034,"on his lifestyle and the environment on January 13; January 13, 2034","premise_anchor:True:pass:shared anchor tokens: mark, martin | slot_value_alignment:True:pass:same slot | temporal_compatibility:True:pass:temporal condition is compatible | explicit_refutation:False:absence_not_refutation:memory does not mention the premise value",temporal_gate_too_strict,没有,错误,过宽,不是反证,不该触发,合理,,Identity information does not address skepticism about sustainable clothing.,陆含,未复核,
101,140,1:56:3,"Did Martin Mark express skepticism about the impact of sustainable clothing on his lifestyle and the environment on January 13, 2034?",correct,correct,False,17,"Martin tried simulated skydiving during a team‑building event on April 10, 2026 and found the experience quite thrilling.",absence_not_refutation,absence_not_refutation,Martin Mark,generic_yesno,environment january 2034,"on his lifestyle and the environment on January 13; January 13, 2034",premise_anchor:True:pass:shared anchor tokens: martin | slot_value_alignment:True:pass:same slot | temporal_compatibility:True:pass:temporal condition is compatible | explicit_refutation:False:absence_not_refutation:memory does not mention the premise value,temporal_gate_too_strict,没有,错误,过宽,不是反证,不该触发,合理,,Simulated skydiving does not address skepticism about sustainable clothing.,陆含,未复核,
102,140,1:56:3,"Did Martin Mark express skepticism about the impact of sustainable clothing on his lifestyle and the environment on January 13, 2034?",correct,correct,False,18,"User’s parents are both alive, have no spouse or partner, and have no children; his father, born August 2, 1963, is a retired doctor who inspired Martin’s interest in health, while his mother, also born August 2, 1963, is a nurse passionate about community health, and the family’s medical background deeply influences Martin’s passion for promoting well‑being.",absence_not_refutation,absence_not_refutation,Martin Mark,generic_yesno,environment january 2034,"on his lifestyle and the environment on January 13; January 13, 2034",premise_anchor:True:pass:shared anchor tokens: martin | slot_value_alignment:True:pass:same slot | temporal_compatibility:True:pass:temporal condition is compatible | explicit_refutation:False:absence_not_refutation:memory does not mention the premise value,temporal_gate_too_strict,没有,错误,过宽,不是反证,不该触发,合理,,Family background does not address skepticism about sustainable clothing.,陆含,未复核,
103,168,2:2:1,Is Johnson Joseph employed by a large hotel chain as a manager?,correct,correct,False,1,"User's name is Johnson Joseph, male, born on May 11, 1997, currently 28 years old, and resides in Albi.",absence_not_refutation,absence_not_refutation,Johnson Joseph,generic_yesno,hotel chain manager,,"premise_anchor:True:pass:shared anchor tokens: johnson, joseph | slot_value_alignment:True:pass:same slot | temporal_compatibility:True:pass:temporal condition is compatible | explicit_refutation:False:absence_not_refutation:memory does not mention the premise value",no_counterevidence_in_raw_memories,没有,正确,过宽,不是反证,不该触发,合理,,Identity information does not address employment by a large hotel chain as manager.,陆含,未复核,
104,30,1:10:3,"Did Martin express interest in violent video games on July 14, 2026?",correct,correct,True,1,"User dislikes violent video games because they promote aggression, which opposes his values of peace and well‑being; he likes puzzle games as they challenge his mind and improve problem‑solving skills crucial to his profession; he also avoids gambling games due to their potential for addiction and financial stress, which are detrimental to mental health.",selected,triggered_by_r3a,Martin,preference_status,violent video games,"on July 14; July 14, 2026",,already_triggered,明确有,正确,正确,真反证,应该触发,合理,,Disliking violent video games contradicts expressing interest in them; R3a correctly triggered.,陆含,未复核,
105,177,2:3:3,"Did Johnson Joseph express a dislike for documentaries on Sep 06, 2025?",correct,correct,True,2,"User prefers documentaries for cultural and historical insight, comedies to unwind after managing the B&B, and romantic dramas for inspiring, emotional stories, while disliking horror films that cause anxiety and science‑fiction movies that feel too far‑fetched.",selected,triggered_by_r3a,Johnson Joseph,preference_status,documentaries,"on Sep 06; Sep 06, 2025",,already_triggered,明确有,正确,正确,真反证,应该触发,合理,,Preferring documentaries contradicts disliking documentaries; R3a correctly triggered.,陆含,未复核,
